ISO-10303-21;
HEADER;
FILE_DESCRIPTION (( 'STEP AP214' ),
    '1' );
FILE_NAME ('RSCSK2243R3D02008U.STEP',
    '2024-08-29T11:11:06',
    ( '' ),
    ( '' ),
    'SwSTEP 2.0',
    'SolidWorks 2023',
    '' );
FILE_SCHEMA (( 'AUTOMOTIVE_DESIGN' ));
ENDSEC;

DATA;
#1 = CIRCLE ( 'NONE', #543, 0.3499999999999996447 ) ;
#2 = AXIS2_PLACEMENT_3D ( 'NONE', #1486, #1057, #655 ) ;
#3 = EDGE_CURVE ( 'NONE', #74, #1123, #1551, .T. ) ;
#4 = FILL_AREA_STYLE_COLOUR ( '', #203 ) ;
#5 = AXIS2_PLACEMENT_3D ( 'NONE', #166, #1682, #1502 ) ;
#6 =( NAMED_UNIT ( * ) PLANE_ANGLE_UNIT ( ) SI_UNIT ( $, .RADIAN. ) );
#7 = PRESENTATION_STYLE_ASSIGNMENT (( #1234 ) ) ;
#8 =( GEOMETRIC_REPRESENTATION_CONTEXT ( 3 ) GLOBAL_UNCERTAINTY_ASSIGNED_CONTEXT ( ( #1009 ) ) GLOBAL_UNIT_ASSIGNED_CONTEXT ( ( #565, #304, #1688 ) ) REPRESENTATION_CONTEXT ( 'NONE', 'WORKASPACE' ) );
#9 = PLANE ( 'NONE',  #823 ) ;
#10 = ORIENTED_EDGE ( 'NONE', *, *, #1675, .F. ) ;
#11 = FACE_OUTER_BOUND ( 'NONE', #757, .T. ) ;
#12 = ORIENTED_EDGE ( 'NONE', *, *, #1687, .T. ) ;
#13 = FILL_AREA_STYLE ('',( #432 ) ) ;
#14 =( NAMED_UNIT ( * ) PLANE_ANGLE_UNIT ( ) SI_UNIT ( $, .RADIAN. ) );
#15 = EDGE_CURVE ( 'NONE', #105, #191, #1305, .T. ) ;
#16 = CARTESIAN_POINT ( 'NONE',  ( 2.000000000000000000, 0.1579766134969339819, -4.525703276754799553 ) ) ;
#17 = VERTEX_POINT ( 'NONE', #159 ) ;
#18 = SURFACE_STYLE_USAGE ( .BOTH. , #824 ) ;
#19 = UNCERTAINTY_MEASURE_WITH_UNIT (LENGTH_MEASURE( 1.000000000000000082E-05 ), #211, 'distance_accuracy_value', 'NONE');
#20 = DIRECTION ( 'NONE',  ( -1.000000000000000000, 0.000000000000000000, 0.000000000000000000 ) ) ;
#21 = CARTESIAN_POINT ( 'NONE',  ( -1.000000000000000000, 3.000000000000000000, -1.085042755126722103 ) ) ;
#22 = DIRECTION ( 'NONE',  ( 0.000000000000000000, 0.000000000000000000, -1.000000000000000000 ) ) ;
#23 = DIRECTION ( 'NONE',  ( 1.000000000000000000, 0.000000000000000000, 0.000000000000000000 ) ) ;
#24 = SURFACE_SIDE_STYLE ('',( #1680 ) ) ;
#25 = DIRECTION ( 'NONE',  ( 0.000000000000000000, -1.000000000000000000, 0.000000000000000000 ) ) ;
#26 = ORIENTED_EDGE ( 'NONE', *, *, #723, .T. ) ;
#27 = EDGE_CURVE ( 'NONE', #431, #979, #1254, .T. ) ;
#28 = DIRECTION ( 'NONE',  ( -1.000000000000000000, 0.000000000000000000, 0.000000000000000000 ) ) ;
#29 = AXIS2_PLACEMENT_3D ( 'NONE', #854, #1400, #775 ) ;
#30 = COLOUR_RGB ( '',0.7529411764705882248, 0.7529411764705882248, 0.7529411764705882248 ) ;
#31 = FACE_OUTER_BOUND ( 'NONE', #1649, .T. ) ;
#32 = COLOUR_RGB ( '',0.7529411764705882248, 0.7529411764705882248, 0.7529411764705882248 ) ;
#33 = LINE ( 'NONE', #970, #537 ) ;
#34 = PRESENTATION_LAYER_ASSIGNMENT (  '', '', ( #1763 ) ) ;
#35 =( GEOMETRIC_REPRESENTATION_CONTEXT ( 3 ) GLOBAL_UNCERTAINTY_ASSIGNED_CONTEXT ( ( #1716 ) ) GLOBAL_UNIT_ASSIGNED_CONTEXT ( ( #706, #1368, #1266 ) ) REPRESENTATION_CONTEXT ( 'NONE', 'WORKASPACE' ) );
#36 = SURFACE_STYLE_FILL_AREA ( #1241 ) ;
#37 = VECTOR ( 'NONE', #49, 1000.000000000000000 ) ;
#38 =( GEOMETRIC_REPRESENTATION_CONTEXT ( 3 ) GLOBAL_UNCERTAINTY_ASSIGNED_CONTEXT ( ( #1568 ) ) GLOBAL_UNIT_ASSIGNED_CONTEXT ( ( #1171, #201, #1286 ) ) REPRESENTATION_CONTEXT ( 'NONE', 'WORKASPACE' ) );
#39 = SURFACE_SIDE_STYLE ('',( #1253 ) ) ;
#40 = ORIENTED_EDGE ( 'NONE', *, *, #1258, .F. ) ;
#41 = PRESENTATION_STYLE_ASSIGNMENT (( #425 ) ) ;
#42 = AXIS2_PLACEMENT_3D ( 'NONE', #1079, #411, #1520 ) ;
#43 = DIRECTION ( 'NONE',  ( 0.000000000000000000, 1.000000000000000000, 1.287490079826535776E-16 ) ) ;
#44 = CARTESIAN_POINT ( 'NONE',  ( 0.000000000000000000, 1.949999999999999956, -3.399999999999999911 ) ) ;
#45 =( NAMED_UNIT ( * ) SI_UNIT ( $, .STERADIAN. ) SOLID_ANGLE_UNIT ( ) );
#46 = DIRECTION ( 'NONE',  ( 0.000000000000000000, 1.217588617990741971E-16, -1.000000000000000000 ) ) ;
#47 = ORIENTED_EDGE ( 'NONE', *, *, #518, .T. ) ;
#48 = CARTESIAN_POINT ( 'NONE',  ( 2.000000000000000000, 0.1000000000000000056, -3.978609757211774234 ) ) ;
#49 = DIRECTION ( 'NONE',  ( -1.337480369428119748E-16, 0.000000000000000000, -1.000000000000000000 ) ) ;
#50 = DIRECTION ( 'NONE',  ( -1.000000000000000000, 0.000000000000000000, 0.000000000000000000 ) ) ;
#51 = EDGE_CURVE ( 'NONE', #800, #1341, #90, .T. ) ;
#52 = DIRECTION ( 'NONE',  ( 0.000000000000000000, 0.000000000000000000, 1.000000000000000000 ) ) ;
#53 = FACE_OUTER_BOUND ( 'NONE', #1399, .T. ) ;
#54 =( NAMED_UNIT ( * ) SI_UNIT ( $, .STERADIAN. ) SOLID_ANGLE_UNIT ( ) );
#55 = ORIENTED_EDGE ( 'NONE', *, *, #195, .F. ) ;
#56 =( NAMED_UNIT ( * ) PLANE_ANGLE_UNIT ( ) SI_UNIT ( $, .RADIAN. ) );
#57 = LINE ( 'NONE', #1259, #1482 ) ;
#58 = LINE ( 'NONE', #446, #1479 ) ;
#59 = CARTESIAN_POINT ( 'NONE',  ( 2.000000000000000000, 0.000000000000000000, 5.899999999999999467 ) ) ;
#60 = STYLED_ITEM ( 'NONE', ( #1507 ), #630 ) ;
#61 = COLOUR_RGB ( '',0.7529411764705882248, 0.7529411764705882248, 0.7529411764705882248 ) ;
#62 = STYLED_ITEM ( 'NONE', ( #1250 ), #1683 ) ;
#63 = COLOUR_RGB ( '',0.7529411764705882248, 0.7529411764705882248, 0.7529411764705882248 ) ;
#64 = UNCERTAINTY_MEASURE_WITH_UNIT (LENGTH_MEASURE( 1.000000000000000082E-05 ), #1642, 'distance_accuracy_value', 'NONE');
#65 = ORIENTED_EDGE ( 'NONE', *, *, #273, .T. ) ;
#66 = AXIS2_PLACEMENT_3D ( 'NONE', #463, #1003, #85 ) ;
#67 = DIRECTION ( 'NONE',  ( -1.000000000000000000, 0.000000000000000000, 0.000000000000000000 ) ) ;
#68 = COLOUR_RGB ( '',0.7529411764705882248, 0.7529411764705882248, 0.7529411764705882248 ) ;
#69 = CARTESIAN_POINT ( 'NONE',  ( 3.796405077356794918E-16, 2.550000000000000266, 2.799999999999999822 ) ) ;
#70 = DIRECTION ( 'NONE',  ( 0.000000000000000000, 0.000000000000000000, -1.000000000000000000 ) ) ;
#71 = UNCERTAINTY_MEASURE_WITH_UNIT (LENGTH_MEASURE( 1.000000000000000082E-05 ), #1027, 'distance_accuracy_value', 'NONE');
#72 = CARTESIAN_POINT ( 'NONE',  ( -1.000000000000000000, 3.000000000000000000, -0.5850427551267219917 ) ) ;
#73 =( NAMED_UNIT ( * ) PLANE_ANGLE_UNIT ( ) SI_UNIT ( $, .RADIAN. ) );
#74 = VERTEX_POINT ( 'NONE', #1276 ) ;
#75 = DIRECTION ( 'NONE',  ( -1.000000000000000000, 0.000000000000000000, 0.000000000000000000 ) ) ;
#76 = EDGE_CURVE ( 'NONE', #1420, #540, #58, .T. ) ;
#77 = DIRECTION ( 'NONE',  ( 1.000000000000000000, 0.000000000000000000, 0.000000000000000000 ) ) ;
#78 = DIRECTION ( 'NONE',  ( 1.000000000000000000, 0.000000000000000000, 0.000000000000000000 ) ) ;
#79 = SURFACE_STYLE_FILL_AREA ( #1712 ) ;
#80 = ORIENTED_EDGE ( 'NONE', *, *, #283, .F. ) ;
#81 = EDGE_CURVE ( 'NONE', #645, #917, #1709, .T. ) ;
#82 = EDGE_CURVE ( 'NONE', #617, #191, #471, .T. ) ;
#83 = FACE_OUTER_BOUND ( 'NONE', #1720, .T. ) ;
#84 = PRESENTATION_LAYER_ASSIGNMENT (  '', '', ( #1626 ) ) ;
#85 = DIRECTION ( 'NONE',  ( 0.000000000000000000, 0.000000000000000000, 1.000000000000000000 ) ) ;
#86 =( GEOMETRIC_REPRESENTATION_CONTEXT ( 3 ) GLOBAL_UNCERTAINTY_ASSIGNED_CONTEXT ( ( #1370 ) ) GLOBAL_UNIT_ASSIGNED_CONTEXT ( ( #1679, #14, #549 ) ) REPRESENTATION_CONTEXT ( 'NONE', 'WORKASPACE' ) );
#87 = CARTESIAN_POINT ( 'NONE',  ( 1.500000000000000000, 0.4000000000000000222, 4.649999999999999467 ) ) ;
#88 = ORIENTED_EDGE ( 'NONE', *, *, #1081, .T. ) ;
#89 = AXIS2_PLACEMENT_3D ( 'NONE', #936, #400, #369 ) ;
#90 = CIRCLE ( 'NONE', #935, 3.399999999999999911 ) ;
#91 = CIRCLE ( 'NONE', #765, 3.399999999999999911 ) ;
#92 = CIRCLE ( 'NONE', #1139, 0.5999999999999998668 ) ;
#93 =( GEOMETRIC_REPRESENTATION_CONTEXT ( 3 ) GLOBAL_UNCERTAINTY_ASSIGNED_CONTEXT ( ( #684 ) ) GLOBAL_UNIT_ASSIGNED_CONTEXT ( ( #600, #460, #717 ) ) REPRESENTATION_CONTEXT ( 'NONE', 'WORKASPACE' ) );
#94 = COLOUR_RGB ( '',0.7529411764705882248, 0.7529411764705882248, 0.7529411764705882248 ) ;
#95 = SURFACE_SIDE_STYLE ('',( #754 ) ) ;
#96 = DIRECTION ( 'NONE',  ( 1.000000000000000000, 0.000000000000000000, 0.000000000000000000 ) ) ;
#97 = ORIENTED_EDGE ( 'NONE', *, *, #1612, .F. ) ;
#98 = LINE ( 'NONE', #634, #740 ) ;
#99 = ORIENTED_EDGE ( 'NONE', *, *, #1334, .F. ) ;
#100 = CARTESIAN_POINT ( 'NONE',  ( 0.000000000000000000, 2.550000000000000266, 0.000000000000000000 ) ) ;
#101 = EDGE_CURVE ( 'NONE', #986, #922, #969, .T. ) ;
#102 = FILL_AREA_STYLE_COLOUR ( '', #937 ) ;
#103 = ORIENTED_EDGE ( 'NONE', *, *, #1375, .T. ) ;
#104 =( NAMED_UNIT ( * ) SI_UNIT ( $, .STERADIAN. ) SOLID_ANGLE_UNIT ( ) );
#105 = VERTEX_POINT ( 'NONE', #1557 ) ;
#106 = CARTESIAN_POINT ( 'NONE',  ( 2.000000000000000000, -0.9000000000000000222, -3.978609757211774234 ) ) ;
#107 = PRESENTATION_STYLE_ASSIGNMENT (( #1030 ) ) ;
#108 = VERTEX_POINT ( 'NONE', #976 ) ;
#109 = CARTESIAN_POINT ( 'NONE',  ( 0.000000000000000000, 0.2500000000000000000, -3.399999999999999911 ) ) ;
#110 = VECTOR ( 'NONE', #1037, 1000.000000000000000 ) ;
#111 = EDGE_CURVE ( 'NONE', #795, #294, #1, .T. ) ;
#112 =( LENGTH_UNIT ( ) NAMED_UNIT ( * ) SI_UNIT ( .MILLI., .METRE. ) );
#113 = PRESENTATION_LAYER_ASSIGNMENT (  '', '', ( #1012 ) ) ;
#114 = ORIENTED_EDGE ( 'NONE', *, *, #882, .F. ) ;
#115 = CIRCLE ( 'NONE', #1303, 0.4000000000000001887 ) ;
#116 = PRESENTATION_STYLE_ASSIGNMENT (( #1460 ) ) ;
#117 = MECHANICAL_DESIGN_GEOMETRIC_PRESENTATION_REPRESENTATION (  '', ( #1665 ), #1478 ) ;
#118 = STYLED_ITEM ( 'NONE', ( #1155 ), #1564 ) ;
#119 = VECTOR ( 'NONE', #1624, 1000.000000000000000 ) ;
#120 = TOROIDAL_SURFACE ( 'NONE', #1017, 2.799999999999999822, 0.5999999999999999778 ) ;
#122 = VECTOR ( 'NONE', #1459, 1000.000000000000000 ) ;
#121 = FILL_AREA_STYLE ('',( #231 ) ) ;
#123 =( NAMED_UNIT ( * ) SI_UNIT ( $, .STERADIAN. ) SOLID_ANGLE_UNIT ( ) );
#124 =( NAMED_UNIT ( * ) SI_UNIT ( $, .STERADIAN. ) SOLID_ANGLE_UNIT ( ) );
#125 = LINE ( 'NONE', #1473, #119 ) ;
#126 = ORIENTED_EDGE ( 'NONE', *, *, #1304, .F. ) ;
#127 = DIRECTION ( 'NONE',  ( -1.000000000000000000, 0.000000000000000000, 0.000000000000000000 ) ) ;
#128 = DIRECTION ( 'NONE',  ( 0.000000000000000000, -1.000000000000000000, 0.000000000000000000 ) ) ;
#129 = CARTESIAN_POINT ( 'NONE',  ( 0.000000000000000000, 1.949999999999999956, 0.000000000000000000 ) ) ;
#130 =( NAMED_UNIT ( * ) SI_UNIT ( $, .STERADIAN. ) SOLID_ANGLE_UNIT ( ) );
#131 =( NAMED_UNIT ( * ) SI_UNIT ( $, .STERADIAN. ) SOLID_ANGLE_UNIT ( ) );
#132 = FILL_AREA_STYLE_COLOUR ( '', #68 ) ;
#133 = CARTESIAN_POINT ( 'NONE',  ( 0.000000000000000000, 2.550000000000000266, 2.799999999999999822 ) ) ;
#134 = ORIENTED_EDGE ( 'NONE', *, *, #759, .T. ) ;
#135 = DIRECTION ( 'NONE',  ( 0.000000000000000000, 1.000000000000000000, 0.000000000000000000 ) ) ;
#136 = ADVANCED_FACE ( 'NONE', ( #31 ), #441, .F. ) ;
#137 = DIRECTION ( 'NONE',  ( -1.000000000000000000, 0.000000000000000000, 0.000000000000000000 ) ) ;
#138 = ADVANCED_FACE ( 'NONE', ( #83 ), #1394, .T. ) ;
#139 = CARTESIAN_POINT ( 'NONE',  ( 1.500000000000000000, -7.000000000000000000, -0.5850427551267189941 ) ) ;
#140 = FILL_AREA_STYLE_COLOUR ( '', #271 ) ;
#141 = DIRECTION ( 'NONE',  ( -1.000000000000000000, 0.000000000000000000, 0.000000000000000000 ) ) ;
#142 = ORIENTED_EDGE ( 'NONE', *, *, #76, .T. ) ;
#143 = AXIS2_PLACEMENT_3D ( 'NONE', #1586, #1470, #1595 ) ;
#144 =( LENGTH_UNIT ( ) NAMED_UNIT ( * ) SI_UNIT ( .MILLI., .METRE. ) );
#145 = PRESENTATION_LAYER_ASSIGNMENT (  '', '', ( #928 ) ) ;
#146 = PRESENTATION_LAYER_ASSIGNMENT (  '', '', ( #897 ) ) ;
#147 = SURFACE_STYLE_USAGE ( .BOTH. , #1327 ) ;
#148 = COLOUR_RGB ( '',0.7529411764705882248, 0.7529411764705882248, 0.7529411764705882248 ) ;
#149 = MECHANICAL_DESIGN_GEOMETRIC_PRESENTATION_REPRESENTATION (  '', ( #1666 ), #1043 ) ;
#150 = ORIENTED_EDGE ( 'NONE', *, *, #712, .F. ) ;
#151 = PRESENTATION_LAYER_ASSIGNMENT (  '', '', ( #459 ) ) ;
#152 = SURFACE_STYLE_FILL_AREA ( #695 ) ;
#153 = ADVANCED_FACE ( 'NONE', ( #1585 ), #624, .T. ) ;
#154 = COLOUR_RGB ( '',0.7529411764705882248, 0.7529411764705882248, 0.7529411764705882248 ) ;
#155 = CARTESIAN_POINT ( 'NONE',  ( -1.500000000000000000, 0.4000000000000000222, 4.500000000000000000 ) ) ;
#156 =( GEOMETRIC_REPRESENTATION_CONTEXT ( 3 ) GLOBAL_UNCERTAINTY_ASSIGNED_CONTEXT ( ( #1149 ) ) GLOBAL_UNIT_ASSIGNED_CONTEXT ( ( #1059, #940, #392 ) ) REPRESENTATION_CONTEXT ( 'NONE', 'WORKASPACE' ) );
#157 = VERTEX_POINT ( 'NONE', #1579 ) ;
#158 = CYLINDRICAL_SURFACE ( 'NONE', #1193, 1.000000000000000000 ) ;
#159 = CARTESIAN_POINT ( 'NONE',  ( -1.500000000000000000, 2.850000000000000089, 4.299999999999999822 ) ) ;
#160 = DIRECTION ( 'NONE',  ( 0.000000000000000000, 1.000000000000000000, 0.000000000000000000 ) ) ;
#161 = ADVANCED_FACE ( 'NONE', ( #394 ), #120, .T. ) ;
#162 = SURFACE_STYLE_FILL_AREA ( #410 ) ;
#163 = PLANE ( 'NONE',  #1708 ) ;
#164 = FILL_AREA_STYLE_COLOUR ( '', #63 ) ;
#165 = VERTEX_POINT ( 'NONE', #1620 ) ;
#166 = CARTESIAN_POINT ( 'NONE',  ( 2.000000000000000000, 0.4000000000000000222, 4.899999999999999467 ) ) ;
#167 = ORIENTED_EDGE ( 'NONE', *, *, #224, .F. ) ;
#168 = FILL_AREA_STYLE_COLOUR ( '', #32 ) ;
#169 = LINE ( 'NONE', #856, #1422 ) ;
#170 = CYLINDRICAL_SURFACE ( 'NONE', #1602, 2.000000000000000000 ) ;
#171 = VERTEX_POINT ( 'NONE', #545 ) ;
#172 =( NAMED_UNIT ( * ) SI_UNIT ( $, .STERADIAN. ) SOLID_ANGLE_UNIT ( ) );
#173 =( GEOMETRIC_REPRESENTATION_CONTEXT ( 3 ) GLOBAL_UNCERTAINTY_ASSIGNED_CONTEXT ( ( #1141 ) ) GLOBAL_UNIT_ASSIGNED_CONTEXT ( ( #351, #613, #467 ) ) REPRESENTATION_CONTEXT ( 'NONE', 'WORKASPACE' ) );
#174 = PRESENTATION_LAYER_ASSIGNMENT (  '', '', ( #930 ) ) ;
#175 = DIRECTION ( 'NONE',  ( 1.000000000000000000, 0.000000000000000000, 0.000000000000000000 ) ) ;
#176 = CARTESIAN_POINT ( 'NONE',  ( -1.500000000000000000, 2.649999999999999911, 4.649999999999999467 ) ) ;
#177 = CIRCLE ( 'NONE', #235, 2.700000000000000178 ) ;
#178 = FILL_AREA_STYLE_COLOUR ( '', #676 ) ;
#179 = SURFACE_SIDE_STYLE ('',( #838 ) ) ;
#180 = DIRECTION ( 'NONE',  ( 0.000000000000000000, 1.293687906615163868E-16, -1.000000000000000000 ) ) ;
#181 = VECTOR ( 'NONE', #127, 1000.000000000000000 ) ;
#182 = CARTESIAN_POINT ( 'NONE',  ( 2.000000000000000000, 0.07720967572304540671, -4.190886109340935306 ) ) ;
#183 = ORIENTED_EDGE ( 'NONE', *, *, #469, .F. ) ;
#184 = CIRCLE ( 'NONE', #942, 2.799999999999999822 ) ;
#185 = EDGE_CURVE ( 'NONE', #582, #1778, #912, .T. ) ;
#186 = DIRECTION ( 'NONE',  ( 0.000000000000000000, 0.000000000000000000, 1.000000000000000000 ) ) ;
#187 = CARTESIAN_POINT ( 'NONE',  ( 1.500000000000000000, 0.4000000000000000222, 4.649999999999999467 ) ) ;
#188 = SHAPE_DEFINITION_REPRESENTATION ( #1476, #1565 ) ;
#189 = FILL_AREA_STYLE_COLOUR ( '', #148 ) ;
#190 = SURFACE_SIDE_STYLE ('',( #79 ) ) ;
#191 = VERTEX_POINT ( 'NONE', #407 ) ;
#192 = SURFACE_STYLE_FILL_AREA ( #1692 ) ;
#193 = DIRECTION ( 'NONE',  ( 0.000000000000000000, 1.287490079826536515E-16, -1.000000000000000000 ) ) ;
#194 = DIRECTION ( 'NONE',  ( -1.000000000000000000, 0.000000000000000000, 0.000000000000000000 ) ) ;
#195 = EDGE_CURVE ( 'NONE', #773, #1583, #1210, .T. ) ;
#196 = FILL_AREA_STYLE ('',( #178 ) ) ;
#197 = LINE ( 'NONE', #732, #1228 ) ;
#198 =( NAMED_UNIT ( * ) SI_UNIT ( $, .STERADIAN. ) SOLID_ANGLE_UNIT ( ) );
#199 = SURFACE_STYLE_USAGE ( .BOTH. , #1413 ) ;
#200 = EDGE_LOOP ( 'NONE', ( #1463, #391, #678, #1754 ) ) ;
#201 =( NAMED_UNIT ( * ) PLANE_ANGLE_UNIT ( ) SI_UNIT ( $, .RADIAN. ) );
#202 =( NAMED_UNIT ( * ) PLANE_ANGLE_UNIT ( ) SI_UNIT ( $, .RADIAN. ) );
#203 = COLOUR_RGB ( '',0.7529411764705882248, 0.7529411764705882248, 0.7529411764705882248 ) ;
#204 =( LENGTH_UNIT ( ) NAMED_UNIT ( * ) SI_UNIT ( .MILLI., .METRE. ) );
#205 = COLOUR_RGB ( '',0.7529411764705882248, 0.7529411764705882248, 0.7529411764705882248 ) ;
#206 = EDGE_CURVE ( 'NONE', #879, #800, #92, .T. ) ;
#207 = PRESENTATION_STYLE_ASSIGNMENT (( #359 ) ) ;
#208 = AXIS2_PLACEMENT_3D ( 'NONE', #133, #1184, #1617 ) ;
#209 =( GEOMETRIC_REPRESENTATION_CONTEXT ( 3 ) GLOBAL_UNCERTAINTY_ASSIGNED_CONTEXT ( ( #19 ) ) GLOBAL_UNIT_ASSIGNED_CONTEXT ( ( #211, #604, #54 ) ) REPRESENTATION_CONTEXT ( 'NONE', 'WORKASPACE' ) );
#210 = UNCERTAINTY_MEASURE_WITH_UNIT (LENGTH_MEASURE( 1.000000000000000082E-05 ), #1378, 'distance_accuracy_value', 'NONE');
#211 =( LENGTH_UNIT ( ) NAMED_UNIT ( * ) SI_UNIT ( .MILLI., .METRE. ) );
#212 = EDGE_LOOP ( 'NONE', ( #578, #526, #523, #1760 ) ) ;
#213 = CIRCLE ( 'NONE', #874, 2.399999999999999911 ) ;
#214 = SURFACE_SIDE_STYLE ('',( #496 ) ) ;
#215 = PRESENTATION_LAYER_ASSIGNMENT (  '', '', ( #903 ) ) ;
#216 = AXIS2_PLACEMENT_3D ( 'NONE', #1214, #662, #1064 ) ;
#217 = CARTESIAN_POINT ( 'NONE',  ( 0.000000000000000000, 1.949999999999999956, 0.000000000000000000 ) ) ;
#218 = SURFACE_STYLE_USAGE ( .BOTH. , #328 ) ;
#219 = UNCERTAINTY_MEASURE_WITH_UNIT (LENGTH_MEASURE( 1.000000000000000082E-05 ), #557, 'distance_accuracy_value', 'NONE');
#220 = EDGE_CURVE ( 'NONE', #1773, #1048, #1164, .T. ) ;
#221 = LINE ( 'NONE', #750, #1191 ) ;
#222 = ORIENTED_EDGE ( 'NONE', *, *, #1548, .T. ) ;
#223 = LINE ( 'NONE', #477, #1696 ) ;
#224 = EDGE_CURVE ( 'NONE', #699, #1206, #1320, .T. ) ;
#225 = DIRECTION ( 'NONE',  ( 0.000000000000000000, 0.000000000000000000, -1.000000000000000000 ) ) ;
#226 = DIRECTION ( 'NONE',  ( 0.000000000000000000, -1.000000000000000000, -1.217588617990741971E-16 ) ) ;
#227 = ORIENTED_EDGE ( 'NONE', *, *, #82, .F. ) ;
#228 = DIRECTION ( 'NONE',  ( 0.000000000000000000, 0.000000000000000000, 1.000000000000000000 ) ) ;
#229 = EDGE_LOOP ( 'NONE', ( #280, #1321, #1036, #992 ) ) ;
#230 =( NAMED_UNIT ( * ) PLANE_ANGLE_UNIT ( ) SI_UNIT ( $, .RADIAN. ) );
#231 = FILL_AREA_STYLE_COLOUR ( '', #1077 ) ;
#232 = CIRCLE ( 'NONE', #1447, 0.3499999999999996447 ) ;
#233 = EDGE_LOOP ( 'NONE', ( #126, #1104, #88, #973 ) ) ;
#234 = SURFACE_STYLE_FILL_AREA ( #586 ) ;
#235 = AXIS2_PLACEMENT_3D ( 'NONE', #243, #913, #250 ) ;
#236 = ORIENTED_EDGE ( 'NONE', *, *, #1701, .F. ) ;
#237 = CARTESIAN_POINT ( 'NONE',  ( 1.500000000000000000, 2.649999999999999911, 4.649999999999999467 ) ) ;
#238 = CIRCLE ( 'NONE', #1481, 2.700000000000000178 ) ;
#239 = EDGE_CURVE ( 'NONE', #108, #926, #376, .T. ) ;
#240 =( GEOMETRIC_REPRESENTATION_CONTEXT ( 3 ) GLOBAL_UNCERTAINTY_ASSIGNED_CONTEXT ( ( #219 ) ) GLOBAL_UNIT_ASSIGNED_CONTEXT ( ( #557, #1374, #961 ) ) REPRESENTATION_CONTEXT ( 'NONE', 'WORKASPACE' ) );
#241 = MECHANICAL_DESIGN_GEOMETRIC_PRESENTATION_REPRESENTATION (  '', ( #1484 ), #8 ) ;
#242 = SURFACE_STYLE_FILL_AREA ( #1454 ) ;
#243 = CARTESIAN_POINT ( 'NONE',  ( 0.000000000000000000, 2.550000000000000266, 0.000000000000000000 ) ) ;
#244 = EDGE_LOOP ( 'NONE', ( #585, #955, #552, #420 ) ) ;
#245 = SURFACE_SIDE_STYLE ('',( #889 ) ) ;
#246 = DIRECTION ( 'NONE',  ( 0.000000000000000000, 0.000000000000000000, 1.000000000000000000 ) ) ;
#247 = ORIENTED_EDGE ( 'NONE', *, *, #1485, .F. ) ;
#248 = CARTESIAN_POINT ( 'NONE',  ( -1.500000000000000000, 0.1499999999999999944, 5.899999999999999467 ) ) ;
#249 = EDGE_CURVE ( 'NONE', #157, #1773, #462, .T. ) ;
#250 = DIRECTION ( 'NONE',  ( 0.000000000000000000, 0.000000000000000000, -1.000000000000000000 ) ) ;
#251 = ORIENTED_EDGE ( 'NONE', *, *, #1016, .T. ) ;
#252 = FACE_OUTER_BOUND ( 'NONE', #212, .T. ) ;
#253 = CARTESIAN_POINT ( 'NONE',  ( 2.000000000000000000, 0.4000000000000000222, 4.649999999999999467 ) ) ;
#254 = ORIENTED_EDGE ( 'NONE', *, *, #1461, .T. ) ;
#255 = DIRECTION ( 'NONE',  ( -1.000000000000000000, 0.000000000000000000, 0.000000000000000000 ) ) ;
#256 = CYLINDRICAL_SURFACE ( 'NONE', #1550, 0.5000000000000004441 ) ;
#257 = AXIS2_PLACEMENT_3D ( 'NONE', #1179, #910, #1416 ) ;
#258 = ADVANCED_FACE ( 'NONE', ( #11 ), #534, .T. ) ;
#259 = CARTESIAN_POINT ( 'NONE',  ( 0.000000000000000000, 2.550000000000000266, 0.000000000000000000 ) ) ;
#260 = ORIENTED_EDGE ( 'NONE', *, *, #572, .T. ) ;
#261 = AXIS2_PLACEMENT_3D ( 'NONE', #527, #393, #927 ) ;
#262 = VERTEX_POINT ( 'NONE', #48 ) ;
#263 = CIRCLE ( 'NONE', #484, 0.2500000000000002220 ) ;
#264 = DIRECTION ( 'NONE',  ( 0.000000000000000000, 0.000000000000000000, 1.000000000000000000 ) ) ;
#265 = FILL_AREA_STYLE_COLOUR ( '', #61 ) ;
#266 = CLOSED_SHELL ( 'NONE', ( #1231, #630, #1289, #1366, #1145, #947, #1163, #1397, #1068, #1268, #136, #884, #419, #258, #491, #1581 ) ) ;
#267 = PRESENTATION_LAYER_ASSIGNMENT (  '', '', ( #118 ) ) ;
#269 = AXIS2_PLACEMENT_3D ( 'NONE', #106, #414, #1488 ) ;
#268 = UNCERTAINTY_MEASURE_WITH_UNIT (LENGTH_MEASURE( 1.000000000000000082E-05 ), #204, 'distance_accuracy_value', 'NONE');
#271 = COLOUR_RGB ( '',0.7529411764705882248, 0.7529411764705882248, 0.7529411764705882248 ) ;
#270 = SURFACE_STYLE_USAGE ( .BOTH. , #1736 ) ;
#272 = CYLINDRICAL_SURFACE ( 'NONE', #764, 0.5000000000000000000 ) ;
#273 = EDGE_CURVE ( 'NONE', #922, #617, #767, .T. ) ;
#274 = ORIENTED_EDGE ( 'NONE', *, *, #581, .T. ) ;
#275 = CARTESIAN_POINT ( 'NONE',  ( 2.000000000000000000, 0.4000000000000000222, 4.500000000000000000 ) ) ;
#276 = EDGE_CURVE ( 'NONE', #262, #339, #975, .T. ) ;
#277 = PRESENTATION_STYLE_ASSIGNMENT (( #1066 ) ) ;
#278 = PRESENTATION_STYLE_ASSIGNMENT (( #1489 ) ) ;
#279 = DIRECTION ( 'NONE',  ( 0.000000000000000000, 0.000000000000000000, 1.000000000000000000 ) ) ;
#280 = ORIENTED_EDGE ( 'NONE', *, *, #761, .F. ) ;
#281 = PLANE ( 'NONE',  #1109 ) ;
#282 = FILL_AREA_STYLE ('',( #265 ) ) ;
#283 = EDGE_CURVE ( 'NONE', #1778, #917, #1108, .T. ) ;
#284 = PRESENTATION_STYLE_ASSIGNMENT (( #147 ) ) ;
#285 = SURFACE_SIDE_STYLE ('',( #242 ) ) ;
#286 =( NAMED_UNIT ( * ) PLANE_ANGLE_UNIT ( ) SI_UNIT ( $, .RADIAN. ) );
#287 =( NAMED_UNIT ( * ) SI_UNIT ( $, .STERADIAN. ) SOLID_ANGLE_UNIT ( ) );
#288 = ORIENTED_EDGE ( 'NONE', *, *, #342, .F. ) ;
#289 = CARTESIAN_POINT ( 'NONE',  ( 1.000000000000000000, 3.000000000000000000, -1.085042755126722103 ) ) ;
#290 = AXIS2_PLACEMENT_3D ( 'NONE', #1714, #862, #473 ) ;
#291 = UNCERTAINTY_MEASURE_WITH_UNIT (LENGTH_MEASURE( 1.000000000000000082E-05 ), #112, 'distance_accuracy_value', 'NONE');
#292 = MECHANICAL_DESIGN_GEOMETRIC_PRESENTATION_REPRESENTATION (  '', ( #930 ), #1103 ) ;
#293 = EDGE_CURVE ( 'NONE', #926, #617, #57, .T. ) ;
#294 = VERTEX_POINT ( 'NONE', #827 ) ;
#295 = MECHANICAL_DESIGN_GEOMETRIC_PRESENTATION_REPRESENTATION (  '', ( #373 ), #1513 ) ;
#296 = DIRECTION ( 'NONE',  ( -1.000000000000000000, 0.000000000000000000, -1.337480369428119748E-16 ) ) ;
#297 = CARTESIAN_POINT ( 'NONE',  ( -2.000000000000000000, 0.1000000000000000056, -3.978609757211774234 ) ) ;
#298 = DIRECTION ( 'NONE',  ( 0.000000000000000000, 0.000000000000000000, -1.000000000000000000 ) ) ;
#299 = ORIENTED_EDGE ( 'NONE', *, *, #687, .F. ) ;
#300 =( NAMED_UNIT ( * ) SI_UNIT ( $, .STERADIAN. ) SOLID_ANGLE_UNIT ( ) );
#301 = DIRECTION ( 'NONE',  ( 1.000000000000000000, 0.000000000000000000, 0.000000000000000000 ) ) ;
#302 = DIRECTION ( 'NONE',  ( -1.000000000000000000, 0.000000000000000000, 0.000000000000000000 ) ) ;
#303 = DIRECTION ( 'NONE',  ( 0.000000000000000000, 0.000000000000000000, -1.000000000000000000 ) ) ;
#304 =( NAMED_UNIT ( * ) PLANE_ANGLE_UNIT ( ) SI_UNIT ( $, .RADIAN. ) );
#305 = FACE_OUTER_BOUND ( 'NONE', #605, .T. ) ;
#306 = ORIENTED_EDGE ( 'NONE', *, *, #3, .F. ) ;
#307 = FILL_AREA_STYLE ('',( #1525 ) ) ;
#308 =( LENGTH_UNIT ( ) NAMED_UNIT ( * ) SI_UNIT ( .MILLI., .METRE. ) );
#309 = PRESENTATION_STYLE_ASSIGNMENT (( #218 ) ) ;
#310 = DIRECTION ( 'NONE',  ( -1.000000000000000000, 0.000000000000000000, 0.000000000000000000 ) ) ;
#311 = EDGE_CURVE ( 'NONE', #1048, #165, #238, .T. ) ;
#312 = CARTESIAN_POINT ( 'NONE',  ( 4.163799117100999573E-16, -1.516961044681879978, 3.399999999999999911 ) ) ;
#313 = VERTEX_POINT ( 'NONE', #440 ) ;
#314 = FILL_AREA_STYLE ('',( #974 ) ) ;
#315 = PRESENTATION_LAYER_ASSIGNMENT (  '', '', ( #1726 ) ) ;
#316 = CIRCLE ( 'NONE', #1351, 0.5000000000000004441 ) ;
#317 = MECHANICAL_DESIGN_GEOMETRIC_PRESENTATION_REPRESENTATION (  '', ( #1763 ), #988 ) ;
#318 = ORIENTED_EDGE ( 'NONE', *, *, #395, .T. ) ;
#319 =( NAMED_UNIT ( * ) SI_UNIT ( $, .STERADIAN. ) SOLID_ANGLE_UNIT ( ) );
#320 = DIRECTION ( 'NONE',  ( -1.000000000000000000, 0.000000000000000000, 0.000000000000000000 ) ) ;
#321 = MECHANICAL_DESIGN_GEOMETRIC_PRESENTATION_REPRESENTATION (  '', ( #682 ), #544 ) ;
#322 = SURFACE_SIDE_STYLE ('',( #1251 ) ) ;
#323 = CARTESIAN_POINT ( 'NONE',  ( 2.000000000000000000, 0.1499999999999999944, -5.400000000000000355 ) ) ;
#324 = VERTEX_POINT ( 'NONE', #727 ) ;
#325 = ADVANCED_FACE ( 'NONE', ( #1362 ), #158, .F. ) ;
#326 = ORIENTED_EDGE ( 'NONE', *, *, #1587, .T. ) ;
#327 = CARTESIAN_POINT ( 'NONE',  ( -2.000000000000000000, 0.01139516213847808004, -4.493861823935420219 ) ) ;
#328 = SURFACE_SIDE_STYLE ('',( #609 ) ) ;
#329 = UNCERTAINTY_MEASURE_WITH_UNIT (LENGTH_MEASURE( 1.000000000000000082E-05 ), #886, 'distance_accuracy_value', 'NONE');
#330 = ORIENTED_EDGE ( 'NONE', *, *, #882, .T. ) ;
#331 = CARTESIAN_POINT ( 'NONE',  ( 2.000000000000000000, 0.2237911270814995079, -4.222727562160304871 ) ) ;
#332 =( NAMED_UNIT ( * ) PLANE_ANGLE_UNIT ( ) SI_UNIT ( $, .RADIAN. ) );
#333 = EDGE_CURVE ( 'NONE', #1436, #986, #1766, .T. ) ;
#334 = ORIENTED_EDGE ( 'NONE', *, *, #1437, .T. ) ;
#335 = CARTESIAN_POINT ( 'NONE',  ( -2.000000000000000000, 0.1499999999999999944, -4.599999999999999645 ) ) ;
#336 = DIRECTION ( 'NONE',  ( 1.000000000000000000, 0.000000000000000000, 0.000000000000000000 ) ) ;
#337 = UNCERTAINTY_MEASURE_WITH_UNIT (LENGTH_MEASURE( 1.000000000000000082E-05 ), #816, 'distance_accuracy_value', 'NONE');
#338 = FILL_AREA_STYLE_COLOUR ( '', #1601 ) ;
#339 = VERTEX_POINT ( 'NONE', #1379 ) ;
#340 = LINE ( 'NONE', #331, #896 ) ;
#341 = MECHANICAL_DESIGN_GEOMETRIC_PRESENTATION_REPRESENTATION (  '', ( #60 ), #1038 ) ;
#342 = EDGE_CURVE ( 'NONE', #1778, #699, #1308, .T. ) ;
#343 = COLOUR_RGB ( '',0.7529411764705882248, 0.7529411764705882248, 0.7529411764705882248 ) ;
#344 = SURFACE_STYLE_FILL_AREA ( #1569 ) ;
#345 = COLOUR_RGB ( '',0.7529411764705882248, 0.7529411764705882248, 0.7529411764705882248 ) ;
#346 = PRESENTATION_LAYER_ASSIGNMENT (  '', '', ( #1666 ) ) ;
#347 = UNCERTAINTY_MEASURE_WITH_UNIT (LENGTH_MEASURE( 1.000000000000000082E-05 ), #1294, 'distance_accuracy_value', 'NONE');
#348 = LINE ( 'NONE', #323, #1423 ) ;
#349 = ORIENTED_EDGE ( 'NONE', *, *, #1687, .F. ) ;
#350 = AXIS2_PLACEMENT_3D ( 'NONE', #1614, #1212, #906 ) ;
#351 =( LENGTH_UNIT ( ) NAMED_UNIT ( * ) SI_UNIT ( .MILLI., .METRE. ) );
#352 = FILL_AREA_STYLE_COLOUR ( '', #1356 ) ;
#353 = LINE ( 'NONE', #881, #1705 ) ;
#354 = DIRECTION ( 'NONE',  ( 0.000000000000000000, -1.355252715606880049E-16, 1.000000000000000000 ) ) ;
#355 = EDGE_LOOP ( 'NONE', ( #334, #690, #1323, #1598 ) ) ;
#356 = CARTESIAN_POINT ( 'NONE',  ( -2.000000000000000000, 0.07720967572304540671, -4.190886109340935306 ) ) ;
#357 = FILL_AREA_STYLE ('',( #352 ) ) ;
#358 = FACE_OUTER_BOUND ( 'NONE', #1269, .T. ) ;
#359 = SURFACE_STYLE_USAGE ( .BOTH. , #493 ) ;
#360 = DIRECTION ( 'NONE',  ( 0.000000000000000000, 0.000000000000000000, -1.000000000000000000 ) ) ;
#361 = VERTEX_POINT ( 'NONE', #1742 ) ;
#362 = ADVANCED_FACE ( 'NONE', ( #1721 ), #1314, .T. ) ;
#363 = DIRECTION ( 'NONE',  ( -1.000000000000000000, 0.000000000000000000, 0.000000000000000000 ) ) ;
#364 = ORIENTED_EDGE ( 'NONE', *, *, #224, .T. ) ;
#365 = CARTESIAN_POINT ( 'NONE',  ( -1.000000000000000000, 2.850000000000000089, -0.5850427551267219917 ) ) ;
#366 = FILL_AREA_STYLE ('',( #396 ) ) ;
#367 = MECHANICAL_DESIGN_GEOMETRIC_PRESENTATION_REPRESENTATION (  '', ( #897 ), #1223 ) ;
#368 = EDGE_LOOP ( 'NONE', ( #788, #65, #379, #456 ) ) ;
#369 = DIRECTION ( 'NONE',  ( 0.000000000000000000, 0.000000000000000000, -1.000000000000000000 ) ) ;
#370 = MECHANICAL_DESIGN_GEOMETRIC_PRESENTATION_REPRESENTATION (  '', ( #653 ), #1285 ) ;
#371 = AXIS2_PLACEMENT_3D ( 'NONE', #1039, #776, #77 ) ;
#372 = CARTESIAN_POINT ( 'NONE',  ( 4.163799117100999573E-16, 0.2500000000000000000, 3.399999999999999911 ) ) ;
#373 = STYLED_ITEM ( 'NONE', ( #1758 ), #1397 ) ;
#374 = ORIENTED_EDGE ( 'NONE', *, *, #1016, .F. ) ;
#375 = DIRECTION ( 'NONE',  ( 0.000000000000000000, -1.000000000000000000, 0.000000000000000000 ) ) ;
#376 = CIRCLE ( 'NONE', #269, 1.149999999999999911 ) ;
#377 =( LENGTH_UNIT ( ) NAMED_UNIT ( * ) SI_UNIT ( .MILLI., .METRE. ) );
#378 =( LENGTH_UNIT ( ) NAMED_UNIT ( * ) SI_UNIT ( .MILLI., .METRE. ) );
#379 = ORIENTED_EDGE ( 'NONE', *, *, #293, .F. ) ;
#380 = LINE ( 'NONE', #1032, #1197 ) ;
#381 = DIRECTION ( 'NONE',  ( 0.000000000000000000, 0.2122763521291574362, 0.9772096757230446240 ) ) ;
#382 = ORIENTED_EDGE ( 'NONE', *, *, #342, .T. ) ;
#383 = DIRECTION ( 'NONE',  ( 0.000000000000000000, 0.000000000000000000, 1.000000000000000000 ) ) ;
#384 = FILL_AREA_STYLE ('',( #1187 ) ) ;
#385 = EDGE_CURVE ( 'NONE', #926, #986, #909, .T. ) ;
#386 = DIRECTION ( 'NONE',  ( 0.000000000000000000, 0.000000000000000000, 1.000000000000000000 ) ) ;
#387 =( NAMED_UNIT ( * ) PLANE_ANGLE_UNIT ( ) SI_UNIT ( $, .RADIAN. ) );
#388 = ORIENTED_EDGE ( 'NONE', *, *, #1461, .F. ) ;
#389 = SURFACE_STYLE_USAGE ( .BOTH. , #924 ) ;
#390 = DIRECTION ( 'NONE',  ( 0.000000000000000000, 0.000000000000000000, -1.000000000000000000 ) ) ;
#391 = ORIENTED_EDGE ( 'NONE', *, *, #76, .F. ) ;
#392 =( NAMED_UNIT ( * ) SI_UNIT ( $, .STERADIAN. ) SOLID_ANGLE_UNIT ( ) );
#393 = DIRECTION ( 'NONE',  ( -1.000000000000000000, 0.000000000000000000, 0.000000000000000000 ) ) ;
#394 = FACE_OUTER_BOUND ( 'NONE', #657, .T. ) ;
#395 = EDGE_CURVE ( 'NONE', #1336, #501, #603, .T. ) ;
#396 = FILL_AREA_STYLE_COLOUR ( '', #908 ) ;
#397 = AXIS2_PLACEMENT_3D ( 'NONE', #365, #447, #597 ) ;
#398 = EDGE_CURVE ( 'NONE', #914, #511, #1466, .T. ) ;
#399 = DIRECTION ( 'NONE',  ( -0.000000000000000000, 1.000000000000000000, 0.000000000000000000 ) ) ;
#400 = DIRECTION ( 'NONE',  ( 0.000000000000000000, -1.000000000000000000, 0.000000000000000000 ) ) ;
#401 = LINE ( 'NONE', #666, #1331 ) ;
#402 = AXIS2_PLACEMENT_3D ( 'NONE', #1242, #1089, #983 ) ;
#403 = ORIENTED_EDGE ( 'NONE', *, *, #333, .T. ) ;
#404 = FACE_OUTER_BOUND ( 'NONE', #781, .T. ) ;
#405 = AXIS2_PLACEMENT_3D ( 'NONE', #860, #43, #193 ) ;
#406 = AXIS2_PLACEMENT_3D ( 'NONE', #1494, #683, #1780 ) ;
#407 = CARTESIAN_POINT ( 'NONE',  ( 2.000000000000000000, 0.1000000000000000056, -1.095278008485836081E-16 ) ) ;
#409 = PRESENTATION_LAYER_ASSIGNMENT (  '', '', ( #628 ) ) ;
#408 = SURFACE_SIDE_STYLE ('',( #152 ) ) ;
#410 = FILL_AREA_STYLE ('',( #1098 ) ) ;
#411 = DIRECTION ( 'NONE',  ( 1.000000000000000000, 0.000000000000000000, -1.224646799147351975E-16 ) ) ;
#412 = EDGE_LOOP ( 'NONE', ( #1194, #134, #720, #388 ) ) ;
#413 = SURFACE_STYLE_USAGE ( .BOTH. , #1779 ) ;
#414 = DIRECTION ( 'NONE',  ( 1.000000000000000000, 0.000000000000000000, 0.000000000000000000 ) ) ;
#415 = CARTESIAN_POINT ( 'NONE',  ( 0.000000000000000000, -1.516961044681879978, 0.000000000000000000 ) ) ;
#416 = FILL_AREA_STYLE ('',( #140 ) ) ;
#417 = CARTESIAN_POINT ( 'NONE',  ( 1.500000000000000000, 2.850000000000000089, 4.299999999999999822 ) ) ;
#418 = ORIENTED_EDGE ( 'NONE', *, *, #815, .F. ) ;
#419 = ADVANCED_FACE ( 'NONE', ( #1641 ), #281, .F. ) ;
#420 = ORIENTED_EDGE ( 'NONE', *, *, #911, .T. ) ;
#421 =( NAMED_UNIT ( * ) SI_UNIT ( $, .STERADIAN. ) SOLID_ANGLE_UNIT ( ) );
#422 = DIRECTION ( 'NONE',  ( 0.000000000000000000, 1.000000000000000000, 0.000000000000000000 ) ) ;
#423 = ORIENTED_EDGE ( 'NONE', *, *, #276, .T. ) ;
#424 = CIRCLE ( 'NONE', #870, 0.4000000000000001887 ) ;
#425 = SURFACE_STYLE_USAGE ( .BOTH. , #561 ) ;
#426 = PRESENTATION_LAYER_ASSIGNMENT (  '', '', ( #1249 ) ) ;
#427 = MECHANICAL_DESIGN_GEOMETRIC_PRESENTATION_REPRESENTATION (  '', ( #62 ), #86 ) ;
#428 = CARTESIAN_POINT ( 'NONE',  ( -2.000000000000000000, -0.9000000000000000222, -3.978609757211774234 ) ) ;
#429 = VECTOR ( 'NONE', #1498, 1000.000000000000000 ) ;
#430 = PRESENTATION_LAYER_ASSIGNMENT (  '', '', ( #1546 ) ) ;
#431 = VERTEX_POINT ( 'NONE', #1207 ) ;
#432 = FILL_AREA_STYLE_COLOUR ( '', #1349 ) ;
#433 = AXIS2_PLACEMENT_3D ( 'NONE', #217, #1604, #895 ) ;
#434 = DIRECTION ( 'NONE',  ( 0.000000000000000000, -0.2122763521291649857, -0.9772096757230428477 ) ) ;
#435 = PRESENTATION_LAYER_ASSIGNMENT (  '', '', ( #772 ) ) ;
#436 = DIRECTION ( 'NONE',  ( -1.000000000000000000, 0.000000000000000000, 0.000000000000000000 ) ) ;
#437 = DIRECTION ( 'NONE',  ( 0.000000000000000000, -1.000000000000000000, 0.000000000000000000 ) ) ;
#438 = ORIENTED_EDGE ( 'NONE', *, *, #101, .F. ) ;
#439 = FACE_OUTER_BOUND ( 'NONE', #1532, .T. ) ;
#440 = CARTESIAN_POINT ( 'NONE',  ( 1.500000000000000000, 0.000000000000000000, 5.899999999999999467 ) ) ;
#441 = PLANE ( 'NONE',  #371 ) ;
#442 = EDGE_CURVE ( 'NONE', #105, #922, #807, .T. ) ;
#443 = ORIENTED_EDGE ( 'NONE', *, *, #528, .F. ) ;
#444 = CARTESIAN_POINT ( 'NONE',  ( -2.000000000000000000, -1.856398992183080294E-16, -4.599999999999999645 ) ) ;
#445 = SURFACE_SIDE_STYLE ('',( #192 ) ) ;
#446 = CARTESIAN_POINT ( 'NONE',  ( 2.000000000000000000, 0.1499999999999999944, -5.400000000000000355 ) ) ;
#447 = DIRECTION ( 'NONE',  ( 0.000000000000000000, -1.000000000000000000, 0.000000000000000000 ) ) ;
#448 = EDGE_CURVE ( 'NONE', #822, #1693, #1019, .T. ) ;
#449 = LINE ( 'NONE', #1384, #515 ) ;
#450 = UNCERTAINTY_MEASURE_WITH_UNIT (LENGTH_MEASURE( 1.000000000000000082E-05 ), #812, 'distance_accuracy_value', 'NONE');
#451 = CARTESIAN_POINT ( 'NONE',  ( 0.000000000000000000, 10.09999999999999964, 1.306624785681315938E-15 ) ) ;
#452 = ORIENTED_EDGE ( 'NONE', *, *, #239, .F. ) ;
#453 = CARTESIAN_POINT ( 'NONE',  ( -2.000000000000000000, 0.2500000000000000000, -1.734723475976804925E-15 ) ) ;
#454 = PRESENTATION_LAYER_ASSIGNMENT (  '', '', ( #1189 ) ) ;
#455 = STYLED_ITEM ( 'NONE', ( #1386 ), #1163 ) ;
#456 = ORIENTED_EDGE ( 'NONE', *, *, #385, .T. ) ;
#457 = FILL_AREA_STYLE ('',( #1694 ) ) ;
#458 = COLOUR_RGB ( '',0.7529411764705882248, 0.7529411764705882248, 0.7529411764705882248 ) ;
#459 = STYLED_ITEM ( 'NONE', ( #1738 ), #1366 ) ;
#460 =( NAMED_UNIT ( * ) PLANE_ANGLE_UNIT ( ) SI_UNIT ( $, .RADIAN. ) );
#462 = CIRCLE ( 'NONE', #406, 2.399999999999999911 ) ;
#461 = DIRECTION ( 'NONE',  ( 0.000000000000000000, 1.224646799147350002E-16, -1.000000000000000000 ) ) ;
#463 = CARTESIAN_POINT ( 'NONE',  ( -1.000000000000000000, -7.000000000000000000, -0.5850427551267219917 ) ) ;
#464 = STYLED_ITEM ( 'NONE', ( #550 ), #499 ) ;
#465 = FILL_AREA_STYLE ('',( #1132 ) ) ;
#466 = ORIENTED_EDGE ( 'NONE', *, *, #448, .F. ) ;
#467 =( NAMED_UNIT ( * ) SI_UNIT ( $, .STERADIAN. ) SOLID_ANGLE_UNIT ( ) );
#468 = PRESENTATION_LAYER_ASSIGNMENT (  '', '', ( #1484 ) ) ;
#469 = EDGE_CURVE ( 'NONE', #1336, #840, #1204, .T. ) ;
#470 = APPLICATION_CONTEXT ( 'automotive_design' ) ;
#471 = LINE ( 'NONE', #564, #1729 ) ;
#472 =( LENGTH_UNIT ( ) NAMED_UNIT ( * ) SI_UNIT ( .MILLI., .METRE. ) );
#473 = DIRECTION ( 'NONE',  ( 0.000000000000000000, 0.000000000000000000, -1.000000000000000000 ) ) ;
#474 = UNCERTAINTY_MEASURE_WITH_UNIT (LENGTH_MEASURE( 1.000000000000000082E-05 ), #1597, 'distance_accuracy_value', 'NONE');
#475 = SURFACE_SIDE_STYLE ('',( #1004 ) ) ;
#476 = ORIENTED_EDGE ( 'NONE', *, *, #249, .T. ) ;
#477 = CARTESIAN_POINT ( 'NONE',  ( -2.000000000000000000, 0.1499999999999999944, -5.400000000000000355 ) ) ;
#478 = EDGE_CURVE ( 'NONE', #501, #1414, #380, .T. ) ;
#479 = PLANE ( 'NONE',  #350 ) ;
#480 = ORIENTED_EDGE ( 'NONE', *, *, #51, .F. ) ;
#481 = MECHANICAL_DESIGN_GEOMETRIC_PRESENTATION_REPRESENTATION (  '', ( #1249 ), #1573 ) ;
#482 = PRESENTATION_LAYER_ASSIGNMENT (  '', '', ( #1508 ) ) ;
#483 = APPLICATION_PROTOCOL_DEFINITION ( 'draft international standard', 'automotive_design', 1998, #790 ) ;
#484 = AXIS2_PLACEMENT_3D ( 'NONE', #500, #96, #632 ) ;
#485 = CARTESIAN_POINT ( 'NONE',  ( 2.939152317953645133E-16, 2.550000000000000266, 2.399999999999999911 ) ) ;
#486 = AXIS2_PLACEMENT_3D ( 'NONE', #702, #1676, #186 ) ;
#487 = COLOUR_RGB ( '',0.7529411764705882248, 0.7529411764705882248, 0.7529411764705882248 ) ;
#488 = ORIENTED_EDGE ( 'NONE', *, *, #1737, .F. ) ;
#489 = CYLINDRICAL_SURFACE ( 'NONE', #1284, 0.3499999999999996447 ) ;
#490 = VECTOR ( 'NONE', #1125, 1000.000000000000000 ) ;
#491 = ADVANCED_FACE ( 'NONE', ( #1747 ), #1770, .F. ) ;
#492 = CARTESIAN_POINT ( 'NONE',  ( -1.000000000000000000, 2.850000000000000089, -1.085042755126722103 ) ) ;
#493 = SURFACE_SIDE_STYLE ('',( #877 ) ) ;
#494 = CARTESIAN_POINT ( 'NONE',  ( 2.000000000000000000, 0.000000000000000000, 5.899999999999999467 ) ) ;
#495 = ORIENTED_EDGE ( 'NONE', *, *, #1209, .T. ) ;
#496 = SURFACE_STYLE_FILL_AREA ( #1421 ) ;
#497 = CARTESIAN_POINT ( 'NONE',  ( 2.000000000000000000, 2.649999999999999911, 4.649999999999999467 ) ) ;
#498 = MANIFOLD_SOLID_BREP ( 'NONE', #799 ) ;
#499 = MANIFOLD_SOLID_BREP ( 'NONE', #1668 ) ;
#500 = CARTESIAN_POINT ( 'NONE',  ( 1.500000000000000000, 0.4000000000000000222, 4.899999999999999467 ) ) ;
#501 = VERTEX_POINT ( 'NONE', #1113 ) ;
#502 = DIRECTION ( 'NONE',  ( 0.000000000000000000, -1.000000000000000000, 0.000000000000000000 ) ) ;
#503 = EDGE_CURVE ( 'NONE', #191, #262, #1264, .T. ) ;
#504 = FILL_AREA_STYLE ('',( #787 ) ) ;
#505 = VERTEX_POINT ( 'NONE', #1120 ) ;
#506 = LINE ( 'NONE', #1170, #110 ) ;
#507 = SURFACE_SIDE_STYLE ('',( #639 ) ) ;
#508 = STYLED_ITEM ( 'NONE', ( #278 ), #654 ) ;
#509 = CARTESIAN_POINT ( 'NONE',  ( 2.000000000000000000, -1.856398992183080294E-16, -4.599999999999999645 ) ) ;
#510 = AXIS2_PLACEMENT_3D ( 'NONE', #1405, #1656, #579 ) ;
#511 = VERTEX_POINT ( 'NONE', #831 ) ;
#512 = SURFACE_STYLE_FILL_AREA ( #652 ) ;
#513 = COLOUR_RGB ( '',0.7529411764705882248, 0.7529411764705882248, 0.7529411764705882248 ) ;
#514 = VECTOR ( 'NONE', #1096, 1000.000000000000000 ) ;
#515 = VECTOR ( 'NONE', #1129, 1000.000000000000114 ) ;
#516 = ORIENTED_EDGE ( 'NONE', *, *, #27, .T. ) ;
#517 = FILL_AREA_STYLE_COLOUR ( '', #878 ) ;
#518 = EDGE_CURVE ( 'NONE', #171, #1123, #1497, .T. ) ;
#519 = STYLED_ITEM ( 'NONE', ( #1396 ), #325 ) ;
#520 = VECTOR ( 'NONE', #1529, 1000.000000000000000 ) ;
#521 =( NAMED_UNIT ( * ) PLANE_ANGLE_UNIT ( ) SI_UNIT ( $, .RADIAN. ) );
#522 = FACE_OUTER_BOUND ( 'NONE', #694, .T. ) ;
#523 = ORIENTED_EDGE ( 'NONE', *, *, #1392, .T. ) ;
#524 = DIRECTION ( 'NONE',  ( 1.000000000000000000, 0.000000000000000000, 0.000000000000000000 ) ) ;
#525 = SURFACE_STYLE_FILL_AREA ( #1196 ) ;
#526 = ORIENTED_EDGE ( 'NONE', *, *, #1612, .T. ) ;
#527 = CARTESIAN_POINT ( 'NONE',  ( -1.500000000000000000, 2.649999999999999911, 4.299999999999999822 ) ) ;
#528 = EDGE_CURVE ( 'NONE', #778, #1341, #1767, .T. ) ;
#529 = SURFACE_SIDE_STYLE ('',( #920 ) ) ;
#530 = DIRECTION ( 'NONE',  ( -1.000000000000000000, 0.000000000000000000, 0.000000000000000000 ) ) ;
#531 = FILL_AREA_STYLE_COLOUR ( '', #931 ) ;
#532 = ORIENTED_EDGE ( 'NONE', *, *, #239, .T. ) ;
#533 = FILL_AREA_STYLE_COLOUR ( '', #1695 ) ;
#534 = CYLINDRICAL_SURFACE ( 'NONE', #5, 0.4000000000000001887 ) ;
#535 = DIRECTION ( 'NONE',  ( -1.337480369428119748E-16, 0.000000000000000000, 1.000000000000000000 ) ) ;
#536 = PRODUCT_DEFINITION ( 'UNKNOWN', '', #769, #1504 ) ;
#537 = VECTOR ( 'NONE', #952, 1000.000000000000000 ) ;
#538 = DIRECTION ( 'NONE',  ( -1.000000000000000000, 0.000000000000000000, 0.000000000000000000 ) ) ;
#539 = DIRECTION ( 'NONE',  ( 0.000000000000000000, -0.9772096757230446240, 0.2122763521291574362 ) ) ;
#540 = VERTEX_POINT ( 'NONE', #1367 ) ;
#541 = DIRECTION ( 'NONE',  ( -1.000000000000000000, 0.000000000000000000, 0.000000000000000000 ) ) ;
#542 =( NAMED_UNIT ( * ) PLANE_ANGLE_UNIT ( ) SI_UNIT ( $, .RADIAN. ) );
#543 = AXIS2_PLACEMENT_3D ( 'NONE', #1662, #302, #1247 ) ;
#544 =( GEOMETRIC_REPRESENTATION_CONTEXT ( 3 ) GLOBAL_UNCERTAINTY_ASSIGNED_CONTEXT ( ( #744 ) ) GLOBAL_UNIT_ASSIGNED_CONTEXT ( ( #1085, #521, #172 ) ) REPRESENTATION_CONTEXT ( 'NONE', 'WORKASPACE' ) );
#545 = CARTESIAN_POINT ( 'NONE',  ( 1.500000000000000000, 0.000000000000000000, 4.899999999999999467 ) ) ;
#546 = AXIS2_PLACEMENT_3D ( 'NONE', #1426, #52, #78 ) ;
#547 = CARTESIAN_POINT ( 'NONE',  ( -1.500000000000000000, 0.4000000000000000222, 4.500000000000000000 ) ) ;
#548 = ADVANCED_FACE ( 'NONE', ( #945 ), #163, .F. ) ;
#549 =( NAMED_UNIT ( * ) SI_UNIT ( $, .STERADIAN. ) SOLID_ANGLE_UNIT ( ) );
#550 = PRESENTATION_STYLE_ASSIGNMENT (( #1511 ) ) ;
#551 = CARTESIAN_POINT ( 'NONE',  ( 1.500000000000000000, 0.000000000000000000, 5.899999999999999467 ) ) ;
#552 = ORIENTED_EDGE ( 'NONE', *, *, #761, .T. ) ;
#553 =( NAMED_UNIT ( * ) SI_UNIT ( $, .STERADIAN. ) SOLID_ANGLE_UNIT ( ) );
#554 = EDGE_LOOP ( 'NONE', ( #103, #907, #1784, #1523 ) ) ;
#555 = CYLINDRICAL_SURFACE ( 'NONE', #1756, 3.399999999999999911 ) ;
#556 = CARTESIAN_POINT ( 'NONE',  ( 1.000000000000000000, 3.000000000000000000, -0.5850427551267219917 ) ) ;
#557 =( LENGTH_UNIT ( ) NAMED_UNIT ( * ) SI_UNIT ( .MILLI., .METRE. ) );
#558 = DIRECTION ( 'NONE',  ( 0.000000000000000000, 0.000000000000000000, 1.000000000000000000 ) ) ;
#559 = DIRECTION ( 'NONE',  ( 0.000000000000000000, -1.000000000000000000, 0.000000000000000000 ) ) ;
#560 = ORIENTED_EDGE ( 'NONE', *, *, #469, .T. ) ;
#561 = SURFACE_SIDE_STYLE ('',( #1237 ) ) ;
#562 = DIRECTION ( 'NONE',  ( 0.000000000000000000, 0.000000000000000000, 1.000000000000000000 ) ) ;
#563 = UNCERTAINTY_MEASURE_WITH_UNIT (LENGTH_MEASURE( 1.000000000000000082E-05 ), #1024, 'distance_accuracy_value', 'NONE');
#564 = CARTESIAN_POINT ( 'NONE',  ( 2.000000000000000000, 10.09999999999999964, 1.184160105766580001E-15 ) ) ;
#565 =( LENGTH_UNIT ( ) NAMED_UNIT ( * ) SI_UNIT ( .MILLI., .METRE. ) );
#566 = SURFACE_SIDE_STYLE ('',( #525 ) ) ;
#567 = LINE ( 'NONE', #16, #1700 ) ;
#568 = ORIENTED_EDGE ( 'NONE', *, *, #51, .T. ) ;
#569 = VECTOR ( 'NONE', #1270, 1000.000000000000000 ) ;
#570 = PRESENTATION_STYLE_ASSIGNMENT (( #18 ) ) ;
#571 = PRESENTATION_LAYER_ASSIGNMENT (  '', '', ( #1383 ) ) ;
#572 = EDGE_CURVE ( 'NONE', #294, #914, #197, .T. ) ;
#573 = ORIENTED_EDGE ( 'NONE', *, *, #670, .T. ) ;
#574 = COLOUR_RGB ( '',0.7529411764705882248, 0.7529411764705882248, 0.7529411764705882248 ) ;
#575 =( NAMED_UNIT ( * ) PLANE_ANGLE_UNIT ( ) SI_UNIT ( $, .RADIAN. ) );
#576 = PRESENTATION_LAYER_ASSIGNMENT (  '', '', ( #1674 ) ) ;
#577 = LINE ( 'NONE', #1357, #429 ) ;
#578 = ORIENTED_EDGE ( 'NONE', *, *, #1081, .F. ) ;
#579 = DIRECTION ( 'NONE',  ( 0.000000000000000000, 0.000000000000000000, -1.000000000000000000 ) ) ;
#580 =( NAMED_UNIT ( * ) PLANE_ANGLE_UNIT ( ) SI_UNIT ( $, .RADIAN. ) );
#581 = EDGE_CURVE ( 'NONE', #501, #949, #1181, .T. ) ;
#582 = VERTEX_POINT ( 'NONE', #492 ) ;
#583 = DIRECTION ( 'NONE',  ( 1.000000000000000000, 0.000000000000000000, 0.000000000000000000 ) ) ;
#584 = FACE_OUTER_BOUND ( 'NONE', #1625, .T. ) ;
#585 = ORIENTED_EDGE ( 'NONE', *, *, #1209, .F. ) ;
#586 = FILL_AREA_STYLE ('',( #980 ) ) ;
#587 = CARTESIAN_POINT ( 'NONE',  ( 2.000000000000000000, 0.1000000000000000056, -3.978609757211774234 ) ) ;
#588 = ORIENTED_EDGE ( 'NONE', *, *, #1334, .T. ) ;
#589 = LINE ( 'NONE', #1593, #1217 ) ;
#590 = DIRECTION ( 'NONE',  ( 0.000000000000000000, 0.000000000000000000, 1.000000000000000000 ) ) ;
#591 = UNCERTAINTY_MEASURE_WITH_UNIT (LENGTH_MEASURE( 1.000000000000000082E-05 ), #1530, 'distance_accuracy_value', 'NONE');
#592 = CARTESIAN_POINT ( 'NONE',  ( 2.000000000000000000, 0.2500000000000000000, -3.978609757211774234 ) ) ;
#593 = ORIENTED_EDGE ( 'NONE', *, *, #15, .T. ) ;
#594 = VECTOR ( 'NONE', #1501, 1000.000000000000000 ) ;
#595 = AXIS2_PLACEMENT_3D ( 'NONE', #1582, #615, #225 ) ;
#596 = DIRECTION ( 'NONE',  ( -1.000000000000000000, 0.000000000000000000, 0.000000000000000000 ) ) ;
#597 = DIRECTION ( 'NONE',  ( 0.000000000000000000, 0.000000000000000000, 1.000000000000000000 ) ) ;
#598 = STYLED_ITEM ( 'NONE', ( #1645 ), #1519 ) ;
#599 = STYLED_ITEM ( 'NONE', ( #1594 ), #138 ) ;
#600 =( LENGTH_UNIT ( ) NAMED_UNIT ( * ) SI_UNIT ( .MILLI., .METRE. ) );
#601 = CARTESIAN_POINT ( 'NONE',  ( 4.163799117100999573E-16, 1.949999999999999956, 3.399999999999999911 ) ) ;
#602 = EDGE_CURVE ( 'NONE', #778, #879, #184, .T. ) ;
#603 = CIRCLE ( 'NONE', #216, 0.5000000000000004441 ) ;
#604 =( NAMED_UNIT ( * ) PLANE_ANGLE_UNIT ( ) SI_UNIT ( $, .RADIAN. ) );
#605 = EDGE_LOOP ( 'NONE', ( #1063, #55, #10, #864, #633, #1359, #114, #768, #1333, #1611, #1592, #306 ) ) ;
#606 = CARTESIAN_POINT ( 'NONE',  ( -2.000000000000000000, 0.2500000000000000000, -3.978609757211774234 ) ) ;
#607 = DIRECTION ( 'NONE',  ( 0.000000000000000000, -1.000000000000000000, 0.000000000000000000 ) ) ;
#608 = CARTESIAN_POINT ( 'NONE',  ( 1.500000000000000000, 2.850000000000000089, -0.5850427551267189941 ) ) ;
#609 = SURFACE_STYLE_FILL_AREA ( #196 ) ;
#610 = UNCERTAINTY_MEASURE_WITH_UNIT (LENGTH_MEASURE( 1.000000000000000082E-05 ), #866, 'distance_accuracy_value', 'NONE');
#611 = DIRECTION ( 'NONE',  ( 0.000000000000000000, 0.000000000000000000, 1.000000000000000000 ) ) ;
#612 = EDGE_LOOP ( 'NONE', ( #1115, #1431, #1199, #964 ) ) ;
#613 =( NAMED_UNIT ( * ) PLANE_ANGLE_UNIT ( ) SI_UNIT ( $, .RADIAN. ) );
#614 = ADVANCED_FACE ( 'NONE', ( #358 ), #256, .T. ) ;
#615 = DIRECTION ( 'NONE',  ( 0.000000000000000000, -1.000000000000000000, 0.000000000000000000 ) ) ;
#616 = PRESENTATION_STYLE_ASSIGNMENT (( #1717 ) ) ;
#617 = VERTEX_POINT ( 'NONE', #929 ) ;
#618 =( NAMED_UNIT ( * ) SI_UNIT ( $, .STERADIAN. ) SOLID_ANGLE_UNIT ( ) );
#619 = MECHANICAL_DESIGN_GEOMETRIC_PRESENTATION_REPRESENTATION (  '', ( #774 ), #647 ) ;
#620 = ADVANCED_FACE ( 'NONE', ( #921 ), #1029, .F. ) ;
#621 = PRESENTATION_LAYER_ASSIGNMENT (  '', '', ( #1759 ) ) ;
#622 = PRESENTATION_LAYER_ASSIGNMENT (  '', '', ( #455 ) ) ;
#623 =( NAMED_UNIT ( * ) PLANE_ANGLE_UNIT ( ) SI_UNIT ( $, .RADIAN. ) );
#624 = TOROIDAL_SURFACE ( 'NONE', #658, 2.399999999999999911, 0.2999999999999999889 ) ;
#625 = ORIENTED_EDGE ( 'NONE', *, *, #333, .F. ) ;
#626 = DIRECTION ( 'NONE',  ( 0.000000000000000000, 0.000000000000000000, 1.000000000000000000 ) ) ;
#627 = MECHANICAL_DESIGN_GEOMETRIC_PRESENTATION_REPRESENTATION (  '', ( #1674 ), #240 ) ;
#628 = STYLED_ITEM ( 'NONE', ( #631 ), #614 ) ;
#629 = SURFACE_STYLE_USAGE ( .BOTH. , #507 ) ;
#630 = ADVANCED_FACE ( 'NONE', ( #1439 ), #766, .F. ) ;
#631 = PRESENTATION_STYLE_ASSIGNMENT (( #1330 ) ) ;
#632 = DIRECTION ( 'NONE',  ( 0.000000000000000000, 0.000000000000000000, 1.000000000000000000 ) ) ;
#633 = ORIENTED_EDGE ( 'NONE', *, *, #1745, .F. ) ;
#634 = CARTESIAN_POINT ( 'NONE',  ( 2.000000000000000000, 0.1499999999999999944, 4.899999999999999467 ) ) ;
#635 = DIRECTION ( 'NONE',  ( -1.000000000000000000, 0.000000000000000000, 0.000000000000000000 ) ) ;
#636 = ORIENTED_EDGE ( 'NONE', *, *, #1304, .T. ) ;
#637 = CARTESIAN_POINT ( 'NONE',  ( 2.000000000000000000, 0.2500000000000000000, -3.978609757211774234 ) ) ;
#638 = DIRECTION ( 'NONE',  ( 0.000000000000000000, 0.000000000000000000, -1.000000000000000000 ) ) ;
#639 = SURFACE_STYLE_FILL_AREA ( #1438 ) ;
#640 = EDGE_CURVE ( 'NONE', #1655, #707, #1633, .T. ) ;
#641 =( NAMED_UNIT ( * ) SI_UNIT ( $, .STERADIAN. ) SOLID_ANGLE_UNIT ( ) );
#642 = EDGE_LOOP ( 'NONE', ( #1168, #1267 ) ) ;
#643 = LINE ( 'NONE', #1464, #1353 ) ;
#644 = PLANE ( 'NONE',  #2 ) ;
#645 = VERTEX_POINT ( 'NONE', #1087 ) ;
#646 = DIRECTION ( 'NONE',  ( 0.000000000000000000, 0.000000000000000000, -1.000000000000000000 ) ) ;
#647 =( GEOMETRIC_REPRESENTATION_CONTEXT ( 3 ) GLOBAL_UNCERTAINTY_ASSIGNED_CONTEXT ( ( #329 ) ) GLOBAL_UNIT_ASSIGNED_CONTEXT ( ( #886, #1044, #130 ) ) REPRESENTATION_CONTEXT ( 'NONE', 'WORKASPACE' ) );
#648 = DIRECTION ( 'NONE',  ( 0.000000000000000000, -1.000000000000000000, 0.000000000000000000 ) ) ;
#649 = VECTOR ( 'NONE', #1365, 1000.000000000000000 ) ;
#650 = DIRECTION ( 'NONE',  ( 0.000000000000000000, 0.000000000000000000, -1.000000000000000000 ) ) ;
#651 = ORIENTED_EDGE ( 'NONE', *, *, #602, .T. ) ;
#652 = FILL_AREA_STYLE ('',( #1755 ) ) ;
#653 = STYLED_ITEM ( 'NONE', ( #616 ), #1531 ) ;
#654 = ADVANCED_FACE ( 'NONE', ( #1381 ), #555, .T. ) ;
#655 = DIRECTION ( 'NONE',  ( 0.000000000000000000, -1.000000000000000000, 0.000000000000000000 ) ) ;
#656 = PRESENTATION_LAYER_ASSIGNMENT (  '', '', ( #373 ) ) ;
#657 = EDGE_LOOP ( 'NONE', ( #1491, #1310, #480, #1769 ) ) ;
#658 = AXIS2_PLACEMENT_3D ( 'NONE', #100, #607, #782 ) ;
#659 = AXIS2_PLACEMENT_3D ( 'NONE', #1346, #541, #383 ) ;
#660 = CARTESIAN_POINT ( 'NONE',  ( -1.500000000000000000, 0.000000000000000000, 4.899999999999999467 ) ) ;
#661 = ORIENTED_EDGE ( 'NONE', *, *, #712, .T. ) ;
#662 = DIRECTION ( 'NONE',  ( 1.000000000000000000, 0.000000000000000000, 0.000000000000000000 ) ) ;
#663 = DIRECTION ( 'NONE',  ( -1.000000000000000000, 0.000000000000000000, 0.000000000000000000 ) ) ;
#664 = DIRECTION ( 'NONE',  ( 0.000000000000000000, -1.000000000000000000, 0.000000000000000000 ) ) ;
#665 = SURFACE_STYLE_USAGE ( .BOTH. , #1232 ) ;
#666 = CARTESIAN_POINT ( 'NONE',  ( -2.000000000000000000, 0.1579766134969345093, -4.525703276754799553 ) ) ;
#667 = ORIENTED_EDGE ( 'NONE', *, *, #1485, .T. ) ;
#668 = FILL_AREA_STYLE ('',( #533 ) ) ;
#669 =( NAMED_UNIT ( * ) SI_UNIT ( $, .STERADIAN. ) SOLID_ANGLE_UNIT ( ) );
#670 = EDGE_CURVE ( 'NONE', #949, #958, #33, .T. ) ;
#671 = CIRCLE ( 'NONE', #397, 0.5000000000000000000 ) ;
#672 = CARTESIAN_POINT ( 'NONE',  ( 0.000000000000000000, 0.2500000000000000000, 0.000000000000000000 ) ) ;
#673 = FILL_AREA_STYLE_COLOUR ( '', #1335 ) ;
#674 = CARTESIAN_POINT ( 'NONE',  ( 1.000000000000000000, -7.000000000000000000, -0.5850427551267219917 ) ) ;
#675 = VECTOR ( 'NONE', #28, 1000.000000000000000 ) ;
#676 = COLOUR_RGB ( '',0.7529411764705882248, 0.7529411764705882248, 0.7529411764705882248 ) ;
#677 = VECTOR ( 'NONE', #180, 1000.000000000000000 ) ;
#678 = ORIENTED_EDGE ( 'NONE', *, *, #1556, .F. ) ;
#679 = VECTOR ( 'NONE', #1344, 1000.000000000000000 ) ;
#680 = CARTESIAN_POINT ( 'NONE',  ( -1.500000000000000000, -7.000000000000000000, -0.5850427551267189941 ) ) ;
#681 = PRESENTATION_LAYER_ASSIGNMENT (  '', '', ( #1389 ) ) ;
#682 = STYLED_ITEM ( 'NONE', ( #277 ), #258 ) ;
#683 = DIRECTION ( 'NONE',  ( 0.000000000000000000, -1.000000000000000000, 0.000000000000000000 ) ) ;
#684 = UNCERTAINTY_MEASURE_WITH_UNIT (LENGTH_MEASURE( 1.000000000000000082E-05 ), #600, 'distance_accuracy_value', 'NONE');
#685 = ORIENTED_EDGE ( 'NONE', *, *, #1469, .F. ) ;
#686 = PLANE ( 'NONE',  #1698 ) ;
#687 = EDGE_CURVE ( 'NONE', #1420, #431, #1664, .T. ) ;
#688 = SURFACE_STYLE_USAGE ( .BOTH. , #1652 ) ;
#689 = PRESENTATION_STYLE_ASSIGNMENT (( #948 ) ) ;
#690 = ORIENTED_EDGE ( 'NONE', *, *, #1338, .T. ) ;
#691 = PLANE ( 'NONE',  #510 ) ;
#692 = UNCERTAINTY_MEASURE_WITH_UNIT (LENGTH_MEASURE( 1.000000000000000082E-05 ), #1553, 'distance_accuracy_value', 'NONE');
#693 = CARTESIAN_POINT ( 'NONE',  ( 0.000000000000000000, 2.550000000000000266, 0.000000000000000000 ) ) ;
#694 = EDGE_LOOP ( 'NONE', ( #1133, #1296, #1554, #806, #318, #785, #1143, #814, #516, #1456, #532, #829 ) ) ;
#695 = FILL_AREA_STYLE ('',( #4 ) ) ;
#696 = CARTESIAN_POINT ( 'NONE',  ( -2.000000000000000000, 0.5000000000000000000, -4.599999999999999645 ) ) ;
#697 = ADVANCED_FACE ( 'NONE', ( #817 ), #1111, .F. ) ;
#698 = LINE ( 'NONE', #312, #1764 ) ;
#699 = VERTEX_POINT ( 'NONE', #608 ) ;
#700 = CARTESIAN_POINT ( 'NONE',  ( 2.000000000000000000, 0.1000000000000000056, -3.978609757211774234 ) ) ;
#701 = CARTESIAN_POINT ( 'NONE',  ( 0.000000000000000000, 0.2500000000000000000, 3.234219766537905355E-17 ) ) ;
#702 = CARTESIAN_POINT ( 'NONE',  ( 2.000000000000000000, 0.5000000000000000000, -4.599999999999999645 ) ) ;
#703 = DIRECTION ( 'NONE',  ( 0.000000000000000000, -1.000000000000000000, 0.000000000000000000 ) ) ;
#704 = LINE ( 'NONE', #1653, #1575 ) ;
#705 = AXIS2_PLACEMENT_3D ( 'NONE', #139, #296, #535 ) ;
#706 =( LENGTH_UNIT ( ) NAMED_UNIT ( * ) SI_UNIT ( .MILLI., .METRE. ) );
#707 = VERTEX_POINT ( 'NONE', #1262 ) ;
#708 = MECHANICAL_DESIGN_GEOMETRIC_PRESENTATION_REPRESENTATION (  '', ( #1759 ), #1629 ) ;
#709 = CYLINDRICAL_SURFACE ( 'NONE', #763, 0.3499999999999996447 ) ;
#710 = STYLED_ITEM ( 'NONE', ( #1080 ), #1268 ) ;
#711 = DIRECTION ( 'NONE',  ( 0.000000000000000000, -1.000000000000000000, 0.000000000000000000 ) ) ;
#712 = EDGE_CURVE ( 'NONE', #431, #822, #1710, .T. ) ;
#713 = VECTOR ( 'NONE', #175, 1000.000000000000000 ) ;
#714 = AXIS2_PLACEMENT_3D ( 'NONE', #494, #360, #1309 ) ;
#715 = VERTEX_POINT ( 'NONE', #176 ) ;
#716 = CARTESIAN_POINT ( 'NONE',  ( -1.500000000000000000, 0.4000000000000000222, 4.649999999999999467 ) ) ;
#717 =( NAMED_UNIT ( * ) SI_UNIT ( $, .STERADIAN. ) SOLID_ANGLE_UNIT ( ) );
#718 = AXIS2_PLACEMENT_3D ( 'NONE', #1622, #399, #524 ) ;
#719 = DIRECTION ( 'NONE',  ( 1.337480369428119748E-16, 0.000000000000000000, -1.000000000000000000 ) ) ;
#720 = ORIENTED_EDGE ( 'NONE', *, *, #1428, .T. ) ;
#721 = CARTESIAN_POINT ( 'NONE',  ( 2.000000000000000000, 0.1579766134969339819, -4.525703276754799553 ) ) ;
#722 =( LENGTH_UNIT ( ) NAMED_UNIT ( * ) SI_UNIT ( .MILLI., .METRE. ) );
#723 = EDGE_CURVE ( 'NONE', #795, #715, #1028, .T. ) ;
#724 = ORIENTED_EDGE ( 'NONE', *, *, #1428, .F. ) ;
#725 = LINE ( 'NONE', #59, #1724 ) ;
#726 = ORIENTED_EDGE ( 'NONE', *, *, #1548, .F. ) ;
#727 = CARTESIAN_POINT ( 'NONE',  ( 1.500000000000000000, 3.000000000000000000, -0.5850427551267189941 ) ) ;
#728 = CARTESIAN_POINT ( 'NONE',  ( 0.000000000000000000, 1.949999999999999956, 0.000000000000000000 ) ) ;
#729 = CARTESIAN_POINT ( 'NONE',  ( -1.500000000000000000, 0.4000000000000000222, 4.899999999999999467 ) ) ;
#730 = EDGE_CURVE ( 'NONE', #1123, #1655, #424, .T. ) ;
#731 = CARTESIAN_POINT ( 'NONE',  ( 1.500000000000000000, 0.4000000000000000222, 4.899999999999999467 ) ) ;
#732 = CARTESIAN_POINT ( 'NONE',  ( 2.000000000000000000, 3.000000000000000000, 4.299999999999999822 ) ) ;
#733 = CARTESIAN_POINT ( 'NONE',  ( 2.000000000000000000, 0.01139516213847808004, -4.493861823935420219 ) ) ;
#734 = UNCERTAINTY_MEASURE_WITH_UNIT (LENGTH_MEASURE( 1.000000000000000082E-05 ), #472, 'distance_accuracy_value', 'NONE');
#735 = PRESENTATION_STYLE_ASSIGNMENT (( #199 ) ) ;
#736 = ORIENTED_EDGE ( 'NONE', *, *, #1407, .T. ) ;
#737 = FACE_OUTER_BOUND ( 'NONE', #1408, .T. ) ;
#738 = MECHANICAL_DESIGN_GEOMETRIC_PRESENTATION_REPRESENTATION (  '', ( #508 ), #1567 ) ;
#739 =( GEOMETRIC_REPRESENTATION_CONTEXT ( 3 ) GLOBAL_UNCERTAINTY_ASSIGNED_CONTEXT ( ( #1361 ) ) GLOBAL_UNIT_ASSIGNED_CONTEXT ( ( #1524, #56, #1093 ) ) REPRESENTATION_CONTEXT ( 'NONE', 'WORKASPACE' ) );
#740 = VECTOR ( 'NONE', #1175, 1000.000000000000000 ) ;
#741 = SURFACE_STYLE_USAGE ( .BOTH. , #1180 ) ;
#742 = DIRECTION ( 'NONE',  ( -1.000000000000000000, 0.000000000000000000, 0.000000000000000000 ) ) ;
#743 = CIRCLE ( 'NONE', #1765, 1.000000000000000000 ) ;
#744 = UNCERTAINTY_MEASURE_WITH_UNIT (LENGTH_MEASURE( 1.000000000000000082E-05 ), #1085, 'distance_accuracy_value', 'NONE');
#745 = ORIENTED_EDGE ( 'NONE', *, *, #1492, .T. ) ;
#746 = PRESENTATION_STYLE_ASSIGNMENT (( #1153 ) ) ;
#747 = FILL_AREA_STYLE_COLOUR ( '', #94 ) ;
#748 = PLANE ( 'NONE',  #901 ) ;
#749 =( NAMED_UNIT ( * ) PLANE_ANGLE_UNIT ( ) SI_UNIT ( $, .RADIAN. ) );
#750 = CARTESIAN_POINT ( 'NONE',  ( -2.000000000000000000, 0.1499999999999999944, -5.400000000000000355 ) ) ;
#751 = EDGE_LOOP ( 'NONE', ( #736, #1646, #488, #423 ) ) ;
#752 = CARTESIAN_POINT ( 'NONE',  ( 1.500000000000000000, 0.1499999999999999944, 5.899999999999999467 ) ) ;
#753 = EDGE_CURVE ( 'NONE', #1206, #505, #1157, .T. ) ;
#754 = SURFACE_STYLE_FILL_AREA ( #357 ) ;
#755 = DIRECTION ( 'NONE',  ( 0.000000000000000000, 0.000000000000000000, 1.000000000000000000 ) ) ;
#756 = FACE_OUTER_BOUND ( 'NONE', #200, .T. ) ;
#757 = EDGE_LOOP ( 'NONE', ( #1156, #853, #47, #997 ) ) ;
#758 = ORIENTED_EDGE ( 'NONE', *, *, #273, .F. ) ;
#759 = EDGE_CURVE ( 'NONE', #1341, #800, #894, .T. ) ;
#760 = FILL_AREA_STYLE ('',( #747 ) ) ;
#761 = EDGE_CURVE ( 'NONE', #505, #707, #506, .T. ) ;
#762 =( NAMED_UNIT ( * ) SI_UNIT ( $, .STERADIAN. ) SOLID_ANGLE_UNIT ( ) );
#763 = AXIS2_PLACEMENT_3D ( 'NONE', #1562, #67, #228 ) ;
#764 = AXIS2_PLACEMENT_3D ( 'NONE', #674, #1748, #246 ) ;
#765 = AXIS2_PLACEMENT_3D ( 'NONE', #846, #1090, #1654 ) ;
#766 = PLANE ( 'NONE',  #705 ) ;
#767 = CIRCLE ( 'NONE', #991, 2.000000000000000000 ) ;
#768 = ORIENTED_EDGE ( 'NONE', *, *, #1417, .F. ) ;
#769 = PRODUCT_DEFINITION_FORMATION_WITH_SPECIFIED_SOURCE ( 'ANY', '', #1628, .NOT_KNOWN. ) ;
#770 = PRESENTATION_STYLE_ASSIGNMENT (( #923 ) ) ;
#771 = LINE ( 'NONE', #1169, #1070 ) ;
#772 = STYLED_ITEM ( 'NONE', ( #1013 ), #362 ) ;
#773 = VERTEX_POINT ( 'NONE', #1287 ) ;
#774 = STYLED_ITEM ( 'NONE', ( #1022 ), #620 ) ;
#775 = DIRECTION ( 'NONE',  ( 0.000000000000000000, 0.000000000000000000, -1.000000000000000000 ) ) ;
#776 = DIRECTION ( 'NONE',  ( -0.000000000000000000, 1.000000000000000000, 0.000000000000000000 ) ) ;
#777 = EDGE_CURVE ( 'NONE', #715, #361, #1685, .T. ) ;
#778 = VERTEX_POINT ( 'NONE', #69 ) ;
#779 = SURFACE_SIDE_STYLE ('',( #1637 ) ) ;
#780 = DIRECTION ( 'NONE',  ( 0.000000000000000000, 0.000000000000000000, -1.000000000000000000 ) ) ;
#781 = EDGE_LOOP ( 'NONE', ( #251, #183, #834, #1298 ) ) ;
#782 = DIRECTION ( 'NONE',  ( 0.000000000000000000, 0.000000000000000000, -1.000000000000000000 ) ) ;
#783 = EDGE_CURVE ( 'NONE', #1589, #795, #861, .T. ) ;
#784 =( NAMED_UNIT ( * ) PLANE_ANGLE_UNIT ( ) SI_UNIT ( $, .RADIAN. ) );
#785 = ORIENTED_EDGE ( 'NONE', *, *, #478, .T. ) ;
#786 = CYLINDRICAL_SURFACE ( 'NONE', #851, 0.2500000000000002220 ) ;
#787 = FILL_AREA_STYLE_COLOUR ( '', #574 ) ;
#788 = ORIENTED_EDGE ( 'NONE', *, *, #101, .T. ) ;
#789 = SURFACE_STYLE_FILL_AREA ( #668 ) ;
#790 = APPLICATION_CONTEXT ( 'automotive_design' ) ;
#791 = DIRECTION ( 'NONE',  ( 0.000000000000000000, 0.000000000000000000, 1.000000000000000000 ) ) ;
#792 = STYLED_ITEM ( 'NONE', ( #1526 ), #697 ) ;
#793 = CARTESIAN_POINT ( 'NONE',  ( 2.000000000000000000, 0.5000000000000000000, -4.599999999999999645 ) ) ;
#794 = CIRCLE ( 'NONE', #1069, 0.2500000000000002220 ) ;
#795 = VERTEX_POINT ( 'NONE', #237 ) ;
#797 =( LENGTH_UNIT ( ) NAMED_UNIT ( * ) SI_UNIT ( .MILLI., .METRE. ) );
#796 = MECHANICAL_DESIGN_GEOMETRIC_PRESENTATION_REPRESENTATION (  '', ( #710 ), #1252 ) ;
#798 = EDGE_CURVE ( 'NONE', #939, #582, #671, .T. ) ;
#799 = CLOSED_SHELL ( 'NONE', ( #697, #1600, #1092, #138, #850, #1678, #654, #161, #153 ) ) ;
#800 = VERTEX_POINT ( 'NONE', #44 ) ;
#801 = MECHANICAL_DESIGN_GEOMETRIC_PRESENTATION_REPRESENTATION (  '', ( #1260 ), #156 ) ;
#802 = FILL_AREA_STYLE_COLOUR ( '', #1634 ) ;
#803 = DIRECTION ( 'NONE',  ( 0.000000000000000000, 1.224646799147350002E-16, -1.000000000000000000 ) ) ;
#804 = PRESENTATION_STYLE_ASSIGNMENT (( #1340 ) ) ;
#805 = LINE ( 'NONE', #253, #1452 ) ;
#806 = ORIENTED_EDGE ( 'NONE', *, *, #1657, .T. ) ;
#807 = LINE ( 'NONE', #1342, #905 ) ;
#808 = EDGE_CURVE ( 'NONE', #313, #74, #725, .T. ) ;
#809 = SURFACE_SIDE_STYLE ('',( #789 ) ) ;
#810 = CARTESIAN_POINT ( 'NONE',  ( 2.000000000000000000, 2.850000000000000089, -1.085042755126722103 ) ) ;
#811 = SURFACE_STYLE_USAGE ( .BOTH. , #285 ) ;
#812 =( LENGTH_UNIT ( ) NAMED_UNIT ( * ) SI_UNIT ( .MILLI., .METRE. ) );
#813 = CARTESIAN_POINT ( 'NONE',  ( 0.000000000000000000, 2.550000000000000266, 0.000000000000000000 ) ) ;
#814 = ORIENTED_EDGE ( 'NONE', *, *, #687, .T. ) ;
#815 = EDGE_CURVE ( 'NONE', #74, #1583, #589, .T. ) ;
#816 =( LENGTH_UNIT ( ) NAMED_UNIT ( * ) SI_UNIT ( .MILLI., .METRE. ) );
#817 = FACE_OUTER_BOUND ( 'NONE', #1177, .T. ) ;
#818 = COLOUR_RGB ( '',0.7529411764705882248, 0.7529411764705882248, 0.7529411764705882248 ) ;
#819 = AXIS2_PLACEMENT_3D ( 'NONE', #1084, #1787, #663 ) ;
#820 = VECTOR ( 'NONE', #434, 1000.000000000000114 ) ;
#821 = AXIS2_PLACEMENT_3D ( 'NONE', #813, #502, #780 ) ;
#822 = VERTEX_POINT ( 'NONE', #335 ) ;
#823 = AXIS2_PLACEMENT_3D ( 'NONE', #1376, #539, #1639 ) ;
#824 = SURFACE_SIDE_STYLE ('',( #1360 ) ) ;
#825 = MECHANICAL_DESIGN_GEOMETRIC_PRESENTATION_REPRESENTATION (  '', ( #599 ), #38 ) ;
#826 = AXIS2_PLACEMENT_3D ( 'NONE', #72, #1725, #755 ) ;
#827 = CARTESIAN_POINT ( 'NONE',  ( 1.500000000000000000, 3.000000000000000000, 4.299999999999999822 ) ) ;
#828 = PRESENTATION_LAYER_ASSIGNMENT (  '', '', ( #1607 ) ) ;
#829 = ORIENTED_EDGE ( 'NONE', *, *, #293, .T. ) ;
#830 = CARTESIAN_POINT ( 'NONE',  ( -1.000000000000000000, -7.000000000000000000, -1.085042755126722103 ) ) ;
#831 = CARTESIAN_POINT ( 'NONE',  ( -1.500000000000000000, 3.000000000000000000, -0.5850427551267189941 ) ) ;
#832 = FILL_AREA_STYLE ('',( #189 ) ) ;
#833 = SURFACE_SIDE_STYLE ('',( #839 ) ) ;
#834 = ORIENTED_EDGE ( 'NONE', *, *, #1657, .F. ) ;
#835 = PLANE ( 'NONE',  #1188 ) ;
#836 = EDGE_LOOP ( 'NONE', ( #222, #150, #299, #142 ) ) ;
#837 = SURFACE_STYLE_USAGE ( .BOTH. , #1528 ) ;
#838 = SURFACE_STYLE_FILL_AREA ( #1385 ) ;
#839 = SURFACE_STYLE_FILL_AREA ( #1114 ) ;
#840 = VERTEX_POINT ( 'NONE', #327 ) ;
#841 = DIRECTION ( 'NONE',  ( 0.000000000000000000, 0.000000000000000000, -1.000000000000000000 ) ) ;
#842 = SURFACE_STYLE_FILL_AREA ( #307 ) ;
#843 =( NAMED_UNIT ( * ) SI_UNIT ( $, .STERADIAN. ) SOLID_ANGLE_UNIT ( ) );
#844 = SURFACE_STYLE_USAGE ( .BOTH. , #566 ) ;
#845 = VECTOR ( 'NONE', #160, 1000.000000000000000 ) ;
#846 = CARTESIAN_POINT ( 'NONE',  ( 0.000000000000000000, 0.2500000000000000000, 0.000000000000000000 ) ) ;
#847 = ORIENTED_EDGE ( 'NONE', *, *, #1211, .F. ) ;
#848 = LINE ( 'NONE', #1547, #594 ) ;
#849 =( GEOMETRIC_REPRESENTATION_CONTEXT ( 3 ) GLOBAL_UNCERTAINTY_ASSIGNED_CONTEXT ( ( #1239 ) ) GLOBAL_UNIT_ASSIGNED_CONTEXT ( ( #378, #1440, #123 ) ) REPRESENTATION_CONTEXT ( 'NONE', 'WORKASPACE' ) );
#850 = ADVANCED_FACE ( 'NONE', ( #893 ), #1127, .T. ) ;
#851 = AXIS2_PLACEMENT_3D ( 'NONE', #954, #436, #558 ) ;
#852 = VECTOR ( 'NONE', #1052, 1000.000000000000000 ) ;
#853 = ORIENTED_EDGE ( 'NONE', *, *, #1734, .T. ) ;
#854 = CARTESIAN_POINT ( 'NONE',  ( 0.000000000000000000, 1.949999999999999956, 0.000000000000000000 ) ) ;
#855 =( GEOMETRIC_REPRESENTATION_CONTEXT ( 3 ) GLOBAL_UNCERTAINTY_ASSIGNED_CONTEXT ( ( #996 ) ) GLOBAL_UNIT_ASSIGNED_CONTEXT ( ( #377, #784, #1202 ) ) REPRESENTATION_CONTEXT ( 'NONE', 'WORKASPACE' ) );
#856 = CARTESIAN_POINT ( 'NONE',  ( 1.500000000000000000, 0.1499999999999999944, 5.899999999999999467 ) ) ;
#857 = UNCERTAINTY_MEASURE_WITH_UNIT (LENGTH_MEASURE( 1.000000000000000082E-05 ), #1100, 'distance_accuracy_value', 'NONE');
#858 = EDGE_LOOP ( 'NONE', ( #1471, #1213, #1054, #167, #1377, #1516, #1140, #1681, #97, #847, #247, #1226 ) ) ;
#859 = ADVANCED_FACE ( 'NONE', ( #404 ), #919, .F. ) ;
#860 = CARTESIAN_POINT ( 'NONE',  ( 0.000000000000000000, 0.1000000000000000056, 1.293687906615158167E-17 ) ) ;
#861 = LINE ( 'NONE', #187, #1326 ) ;
#862 = DIRECTION ( 'NONE',  ( -1.000000000000000000, 0.000000000000000000, 0.000000000000000000 ) ) ;
#863 = SURFACE_STYLE_FILL_AREA ( #465 ) ;
#864 = ORIENTED_EDGE ( 'NONE', *, *, #777, .F. ) ;
#865 =( LENGTH_UNIT ( ) NAMED_UNIT ( * ) SI_UNIT ( .MILLI., .METRE. ) );
#866 =( LENGTH_UNIT ( ) NAMED_UNIT ( * ) SI_UNIT ( .MILLI., .METRE. ) );
#867 = UNCERTAINTY_MEASURE_WITH_UNIT (LENGTH_MEASURE( 1.000000000000000082E-05 ), #1638, 'distance_accuracy_value', 'NONE');
#868 = ORIENTED_EDGE ( 'NONE', *, *, #283, .T. ) ;
#869 = FILL_AREA_STYLE_COLOUR ( '', #1350 ) ;
#870 = AXIS2_PLACEMENT_3D ( 'NONE', #729, #583, #1536 ) ;
#871 = VECTOR ( 'NONE', #1144, 1000.000000000000000 ) ;
#872 =( GEOMETRIC_REPRESENTATION_CONTEXT ( 3 ) GLOBAL_UNCERTAINTY_ASSIGNED_CONTEXT ( ( #1660 ) ) GLOBAL_UNIT_ASSIGNED_CONTEXT ( ( #1339, #1343, #131 ) ) REPRESENTATION_CONTEXT ( 'NONE', 'WORKASPACE' ) );
#873 = MECHANICAL_DESIGN_GEOMETRIC_PRESENTATION_REPRESENTATION (  '', ( #1546 ), #1256 ) ;
#874 = AXIS2_PLACEMENT_3D ( 'NONE', #1515, #437, #298 ) ;
#875 =( NAMED_UNIT ( * ) SI_UNIT ( $, .STERADIAN. ) SOLID_ANGLE_UNIT ( ) );
#876 = UNCERTAINTY_MEASURE_WITH_UNIT (LENGTH_MEASURE( 1.000000000000000082E-05 ), #797, 'distance_accuracy_value', 'NONE');
#877 = SURFACE_STYLE_FILL_AREA ( #1300 ) ;
#878 = COLOUR_RGB ( '',0.7529411764705882248, 0.7529411764705882248, 0.7529411764705882248 ) ;
#879 = VERTEX_POINT ( 'NONE', #1337 ) ;
#880 = SURFACE_SIDE_STYLE ('',( #234 ) ) ;
#881 = CARTESIAN_POINT ( 'NONE',  ( 2.000000000000000000, 0.1499999999999999944, 5.899999999999999467 ) ) ;
#882 = EDGE_CURVE ( 'NONE', #939, #511, #1319, .T. ) ;
#883 = EDGE_LOOP ( 'NONE', ( #1441, #1518, #26, #1244 ) ) ;
#884 = ADVANCED_FACE ( 'NONE', ( #1325 ), #1227, .F. ) ;
#885 = SURFACE_STYLE_USAGE ( .BOTH. , #892 ) ;
#886 =( LENGTH_UNIT ( ) NAMED_UNIT ( * ) SI_UNIT ( .MILLI., .METRE. ) );
#887 = CARTESIAN_POINT ( 'NONE',  ( -1.500000000000000000, 0.1499999999999999944, 5.899999999999999467 ) ) ;
#888 = ORIENTED_EDGE ( 'NONE', *, *, #1437, .F. ) ;
#889 = SURFACE_STYLE_FILL_AREA ( #1055 ) ;
#890 = CARTESIAN_POINT ( 'NONE',  ( 0.000000000000000000, -1.516961044681879978, -3.399999999999999911 ) ) ;
#891 = ORIENTED_EDGE ( 'NONE', *, *, #249, .F. ) ;
#892 = SURFACE_SIDE_STYLE ('',( #1160 ) ) ;
#893 = FACE_OUTER_BOUND ( 'NONE', #412, .T. ) ;
#894 = CIRCLE ( 'NONE', #29, 3.399999999999999911 ) ;
#895 = DIRECTION ( 'NONE',  ( 0.000000000000000000, 0.000000000000000000, -1.000000000000000000 ) ) ;
#896 = VECTOR ( 'NONE', #75, 1000.000000000000000 ) ;
#897 = STYLED_ITEM ( 'NONE', ( #309 ), #1757 ) ;
#898 = PRESENTATION_LAYER_ASSIGNMENT (  '', '', ( #1665 ) ) ;
#899 = PRESENTATION_LAYER_ASSIGNMENT (  '', '', ( #598 ) ) ;
#900 = FILL_AREA_STYLE_COLOUR ( '', #818 ) ;
#901 = AXIS2_PLACEMENT_3D ( 'NONE', #1271, #320, #1539 ) ;
#902 = AXIS2_PLACEMENT_3D ( 'NONE', #485, #1166, #1023 ) ;
#903 = STYLED_ITEM ( 'NONE', ( #1744 ), #153 ) ;
#904 = ORIENTED_EDGE ( 'NONE', *, *, #185, .F. ) ;
#905 = VECTOR ( 'NONE', #1786, 1000.000000000000000 ) ;
#906 = DIRECTION ( 'NONE',  ( 1.000000000000000000, 0.000000000000000000, 0.000000000000000000 ) ) ;
#907 = ORIENTED_EDGE ( 'NONE', *, *, #1034, .F. ) ;
#908 = COLOUR_RGB ( '',0.7529411764705882248, 0.7529411764705882248, 0.7529411764705882248 ) ;
#909 = LINE ( 'NONE', #637, #181 ) ;
#910 = DIRECTION ( 'NONE',  ( 1.000000000000000000, 0.000000000000000000, 0.000000000000000000 ) ) ;
#911 = EDGE_CURVE ( 'NONE', #707, #17, #1040, .T. ) ;
#912 = LINE ( 'NONE', #810, #852 ) ;
#913 = DIRECTION ( 'NONE',  ( 0.000000000000000000, -1.000000000000000000, 0.000000000000000000 ) ) ;
#914 = VERTEX_POINT ( 'NONE', #1257 ) ;
#915 =( NAMED_UNIT ( * ) SI_UNIT ( $, .STERADIAN. ) SOLID_ANGLE_UNIT ( ) );
#916 = CARTESIAN_POINT ( 'NONE',  ( 1.500000000000000000, 0.1499999999999999944, 4.899999999999999467 ) ) ;
#917 = VERTEX_POINT ( 'NONE', #289 ) ;
#918 = SURFACE_STYLE_FILL_AREA ( #1627 ) ;
#919 = PLANE ( 'NONE',  #819 ) ;
#920 = SURFACE_STYLE_FILL_AREA ( #384 ) ;
#921 = FACE_OUTER_BOUND ( 'NONE', #836, .T. ) ;
#922 = VERTEX_POINT ( 'NONE', #453 ) ;
#923 = SURFACE_STYLE_USAGE ( .BOTH. , #779 ) ;
#924 = SURFACE_SIDE_STYLE ('',( #1033 ) ) ;
#925 = CARTESIAN_POINT ( 'NONE',  ( 2.000000000000000000, -8.766815528651980484E-17, -5.400000000000000355 ) ) ;
#926 = VERTEX_POINT ( 'NONE', #1673 ) ;
#927 = DIRECTION ( 'NONE',  ( 0.000000000000000000, 0.000000000000000000, -1.000000000000000000 ) ) ;
#928 = STYLED_ITEM ( 'NONE', ( #570 ), #947 ) ;
#929 = CARTESIAN_POINT ( 'NONE',  ( 2.000000000000000000, 0.2500000000000000000, -9.012248224935640275E-17 ) ) ;
#930 = STYLED_ITEM ( 'NONE', ( #7 ), #1231 ) ;
#931 = COLOUR_RGB ( '',0.7529411764705882248, 0.7529411764705882248, 0.7529411764705882248 ) ;
#932 = EDGE_CURVE ( 'NONE', #1380, #1655, #848, .T. ) ;
#933 =( NAMED_UNIT ( * ) PLANE_ANGLE_UNIT ( ) SI_UNIT ( $, .RADIAN. ) );
#935 = AXIS2_PLACEMENT_3D ( 'NONE', #728, #1240, #1126 ) ;
#934 =( NAMED_UNIT ( * ) PLANE_ANGLE_UNIT ( ) SI_UNIT ( $, .RADIAN. ) );
#936 = CARTESIAN_POINT ( 'NONE',  ( 0.000000000000000000, 0.2500000000000000000, 0.000000000000000000 ) ) ;
#937 = COLOUR_RGB ( '',0.7529411764705882248, 0.7529411764705882248, 0.7529411764705882248 ) ;
#938 = VECTOR ( 'NONE', #1613, 1000.000000000000000 ) ;
#939 = VERTEX_POINT ( 'NONE', #1534 ) ;
#940 =( NAMED_UNIT ( * ) PLANE_ANGLE_UNIT ( ) SI_UNIT ( $, .RADIAN. ) );
#941 = MECHANICAL_DESIGN_GEOMETRIC_PRESENTATION_REPRESENTATION (  '', ( #772 ), #1455 ) ;
#942 = AXIS2_PLACEMENT_3D ( 'NONE', #1192, #648, #1307 ) ;
#943 = CARTESIAN_POINT ( 'NONE',  ( 0.000000000000000000, 2.550000000000000266, -2.399999999999999911 ) ) ;
#944 =( NAMED_UNIT ( * ) PLANE_ANGLE_UNIT ( ) SI_UNIT ( $, .RADIAN. ) );
#945 = FACE_OUTER_BOUND ( 'NONE', #1561, .T. ) ;
#946 = SURFACE_SIDE_STYLE ('',( #512 ) ) ;
#947 = ADVANCED_FACE ( 'NONE', ( #1106 ), #691, .F. ) ;
#948 = SURFACE_STYLE_USAGE ( .BOTH. , #39 ) ;
#949 = VERTEX_POINT ( 'NONE', #444 ) ;
#950 =( NAMED_UNIT ( * ) SI_UNIT ( $, .STERADIAN. ) SOLID_ANGLE_UNIT ( ) );
#951 = FILL_AREA_STYLE ('',( #802 ) ) ;
#952 = DIRECTION ( 'NONE',  ( 0.000000000000000000, 1.224646799147350002E-16, -1.000000000000000000 ) ) ;
#953 = SURFACE_STYLE_FILL_AREA ( #416 ) ;
#954 = CARTESIAN_POINT ( 'NONE',  ( 2.000000000000000000, 0.4000000000000000222, 4.899999999999999467 ) ) ;
#955 = ORIENTED_EDGE ( 'NONE', *, *, #753, .T. ) ;
#956 = CARTESIAN_POINT ( 'NONE',  ( -2.000000000000000000, -8.766815528651980484E-17, -5.400000000000000355 ) ) ;
#957 = ADVANCED_FACE ( 'NONE', ( #1393 ), #835, .F. ) ;
#958 = VERTEX_POINT ( 'NONE', #956 ) ;
#959 = VECTOR ( 'NONE', #742, 1000.000000000000000 ) ;
#960 = CARTESIAN_POINT ( 'NONE',  ( -2.000000000000000000, 0.1579766134969339819, -4.525703276754799553 ) ) ;
#961 =( NAMED_UNIT ( * ) SI_UNIT ( $, .STERADIAN. ) SOLID_ANGLE_UNIT ( ) );
#962 = FILL_AREA_STYLE ('',( #1265 ) ) ;
#963 = FACE_OUTER_BOUND ( 'NONE', #554, .T. ) ;
#964 = ORIENTED_EDGE ( 'NONE', *, *, #276, .F. ) ;
#965 = FILL_AREA_STYLE ('',( #1134 ) ) ;
#966 = VECTOR ( 'NONE', #559, 1000.000000000000000 ) ;
#967 = DIRECTION ( 'NONE',  ( 0.000000000000000000, 0.000000000000000000, -1.000000000000000000 ) ) ;
#968 = AXIS2_PLACEMENT_3D ( 'NONE', #1533, #1609, #1616 ) ;
#969 = LINE ( 'NONE', #999, #514 ) ;
#970 = CARTESIAN_POINT ( 'NONE',  ( -2.000000000000000000, -8.766815528651980484E-17, -5.400000000000000355 ) ) ;
#971 = PRESENTATION_STYLE_ASSIGNMENT (( #837 ) ) ;
#972 =( LENGTH_UNIT ( ) NAMED_UNIT ( * ) SI_UNIT ( .MILLI., .METRE. ) );
#973 = ORIENTED_EDGE ( 'NONE', *, *, #195, .T. ) ;
#974 = FILL_AREA_STYLE_COLOUR ( '', #343 ) ;
#975 = LINE ( 'NONE', #587, #1358 ) ;
#976 = CARTESIAN_POINT ( 'NONE',  ( 2.000000000000000000, 0.2237911270814995079, -4.222727562160304871 ) ) ;
#977 = CARTESIAN_POINT ( 'NONE',  ( 2.000000000000000000, 0.01139516213847808004, -4.493861823935420219 ) ) ;
#978 = EDGE_CURVE ( 'NONE', #1500, #1031, #1691, .T. ) ;
#979 = VERTEX_POINT ( 'NONE', #721 ) ;
#980 = FILL_AREA_STYLE_COLOUR ( '', #30 ) ;
#981 = SURFACE_STYLE_USAGE ( .BOTH. , #445 ) ;
#982 = ORIENTED_EDGE ( 'NONE', *, *, #1407, .F. ) ;
#983 = DIRECTION ( 'NONE',  ( -1.337480369428119748E-16, 0.000000000000000000, -1.000000000000000000 ) ) ;
#984 = ADVANCED_FACE ( 'NONE', ( #439 ), #709, .F. ) ;
#985 = PLANE ( 'NONE',  #1509 ) ;
#986 = VERTEX_POINT ( 'NONE', #606 ) ;
#987 =( GEOMETRIC_REPRESENTATION_CONTEXT ( 3 ) GLOBAL_UNCERTAINTY_ASSIGNED_CONTEXT ( ( #563 ) ) GLOBAL_UNIT_ASSIGNED_CONTEXT ( ( #1024, #933, #1046 ) ) REPRESENTATION_CONTEXT ( 'NONE', 'WORKASPACE' ) );
#988 =( GEOMETRIC_REPRESENTATION_CONTEXT ( 3 ) GLOBAL_UNCERTAINTY_ASSIGNED_CONTEXT ( ( #867 ) ) GLOBAL_UNIT_ASSIGNED_CONTEXT ( ( #1638, #1783, #104 ) ) REPRESENTATION_CONTEXT ( 'NONE', 'WORKASPACE' ) );
#989 = DIRECTION ( 'NONE',  ( 0.000000000000000000, 1.000000000000000000, 1.084202172485503818E-16 ) ) ;
#990 =( GEOMETRIC_REPRESENTATION_CONTEXT ( 3 ) GLOBAL_UNCERTAINTY_ASSIGNED_CONTEXT ( ( #610 ) ) GLOBAL_UNIT_ASSIGNED_CONTEXT ( ( #866, #749, #1150 ) ) REPRESENTATION_CONTEXT ( 'NONE', 'WORKASPACE' ) );
#991 = AXIS2_PLACEMENT_3D ( 'NONE', #701, #989, #1406 ) ;
#992 = ORIENTED_EDGE ( 'NONE', *, *, #640, .T. ) ;
#993 = SURFACE_STYLE_FILL_AREA ( #457 ) ;
#994 = VECTOR ( 'NONE', #530, 1000.000000000000000 ) ;
#995 = DIRECTION ( 'NONE',  ( 0.000000000000000000, 1.000000000000000000, 1.224646799147350002E-16 ) ) ;
#996 = UNCERTAINTY_MEASURE_WITH_UNIT (LENGTH_MEASURE( 1.000000000000000082E-05 ), #377, 'distance_accuracy_value', 'NONE');
#997 = ORIENTED_EDGE ( 'NONE', *, *, #730, .T. ) ;
#998 =( LENGTH_UNIT ( ) NAMED_UNIT ( * ) SI_UNIT ( .MILLI., .METRE. ) );
#999 = CARTESIAN_POINT ( 'NONE',  ( -2.000000000000000000, 0.2500000000000000000, -3.978609757211774234 ) ) ;
#1000 = PRESENTATION_STYLE_ASSIGNMENT (( #1277 ) ) ;
#1001 = PRODUCT_CONTEXT ( 'NONE', #790, 'mechanical' ) ;
#1002 = UNCERTAINTY_MEASURE_WITH_UNIT (LENGTH_MEASURE( 1.000000000000000082E-05 ), #865, 'distance_accuracy_value', 'NONE');
#1003 = DIRECTION ( 'NONE',  ( 0.000000000000000000, 1.000000000000000000, 0.000000000000000000 ) ) ;
#1004 = SURFACE_STYLE_FILL_AREA ( #1122 ) ;
#1005 = EDGE_LOOP ( 'NONE', ( #1074, #326 ) ) ;
#1006 = DIRECTION ( 'NONE',  ( 0.000000000000000000, 1.000000000000000000, 0.000000000000000000 ) ) ;
#1007 = EDGE_CURVE ( 'NONE', #958, #540, #223, .T. ) ;
#1008 = FACE_OUTER_BOUND ( 'NONE', #1369, .T. ) ;
#1009 = UNCERTAINTY_MEASURE_WITH_UNIT (LENGTH_MEASURE( 1.000000000000000082E-05 ), #565, 'distance_accuracy_value', 'NONE');
#1010 =( NAMED_UNIT ( * ) SI_UNIT ( $, .STERADIAN. ) SOLID_ANGLE_UNIT ( ) );
#1011 = ORIENTED_EDGE ( 'NONE', *, *, #518, .F. ) ;
#1012 = STYLED_ITEM ( 'NONE', ( #1065 ), #859 ) ;
#1013 = PRESENTATION_STYLE_ASSIGNMENT (( #885 ) ) ;
#1014 = CIRCLE ( 'NONE', #290, 1.000000000000000000 ) ;
#1015 = PRESENTATION_LAYER_ASSIGNMENT (  '', '', ( #653 ) ) ;
#1016 = EDGE_CURVE ( 'NONE', #1031, #840, #1312, .T. ) ;
#1017 = AXIS2_PLACEMENT_3D ( 'NONE', #129, #664, #1348 ) ;
#1018 = EDGE_CURVE ( 'NONE', #505, #1380, #1555, .T. ) ;
#1019 = CIRCLE ( 'NONE', #968, 0.3499999999999996447 ) ;
#1020 = VERTEX_POINT ( 'NONE', #752 ) ;
#1021 =( NAMED_UNIT ( * ) SI_UNIT ( $, .STERADIAN. ) SOLID_ANGLE_UNIT ( ) );
#1022 = PRESENTATION_STYLE_ASSIGNMENT (( #270 ) ) ;
#1023 = DIRECTION ( 'NONE',  ( -1.224646799147351728E-16, 0.000000000000000000, -1.000000000000000000 ) ) ;
#1024 =( LENGTH_UNIT ( ) NAMED_UNIT ( * ) SI_UNIT ( .MILLI., .METRE. ) );
#1025 = EDGE_LOOP ( 'NONE', ( #1615, #254 ) ) ;
#1026 = CARTESIAN_POINT ( 'NONE',  ( 2.000000000000000000, 2.649999999999999911, 4.299999999999999822 ) ) ;
#1027 =( LENGTH_UNIT ( ) NAMED_UNIT ( * ) SI_UNIT ( .MILLI., .METRE. ) );
#1028 = LINE ( 'NONE', #497, #1659 ) ;
#1029 = PLANE ( 'NONE',  #143 ) ;
#1030 = SURFACE_STYLE_USAGE ( .BOTH. , #1621 ) ;
#1031 = VERTEX_POINT ( 'NONE', #356 ) ;
#1032 = CARTESIAN_POINT ( 'NONE',  ( 2.000000000000000000, -8.766815528651980484E-17, -5.400000000000000355 ) ) ;
#1033 = SURFACE_STYLE_FILL_AREA ( #1205 ) ;
#1034 = EDGE_CURVE ( 'NONE', #108, #1436, #340, .T. ) ;
#1035 = CARTESIAN_POINT ( 'NONE',  ( 1.500000000000000000, 0.4000000000000000222, 4.500000000000000000 ) ) ;
#1036 = ORIENTED_EDGE ( 'NONE', *, *, #932, .T. ) ;
#1037 = DIRECTION ( 'NONE',  ( -1.000000000000000000, 0.000000000000000000, 0.000000000000000000 ) ) ;
#1038 =( GEOMETRIC_REPRESENTATION_CONTEXT ( 3 ) GLOBAL_UNCERTAINTY_ASSIGNED_CONTEXT ( ( #1412 ) ) GLOBAL_UNIT_ASSIGNED_CONTEXT ( ( #308, #944, #843 ) ) REPRESENTATION_CONTEXT ( 'NONE', 'WORKASPACE' ) );
#1039 = CARTESIAN_POINT ( 'NONE',  ( 2.000000000000000000, 2.850000000000000089, 4.299999999999999822 ) ) ;
#1040 = CIRCLE ( 'NONE', #261, 0.1999999999999996503 ) ;
#1041 = CIRCLE ( 'NONE', #1630, 0.5000000000000000000 ) ;
#1042 =( GEOMETRIC_REPRESENTATION_CONTEXT ( 3 ) GLOBAL_UNCERTAINTY_ASSIGNED_CONTEXT ( ( #857 ) ) GLOBAL_UNIT_ASSIGNED_CONTEXT ( ( #1100, #286, #45 ) ) REPRESENTATION_CONTEXT ( 'NONE', 'WORKASPACE' ) );
#1043 =( GEOMETRIC_REPRESENTATION_CONTEXT ( 3 ) GLOBAL_UNCERTAINTY_ASSIGNED_CONTEXT ( ( #1429 ) ) GLOBAL_UNIT_ASSIGNED_CONTEXT ( ( #972, #1082, #287 ) ) REPRESENTATION_CONTEXT ( 'NONE', 'WORKASPACE' ) );
#1044 =( NAMED_UNIT ( * ) PLANE_ANGLE_UNIT ( ) SI_UNIT ( $, .RADIAN. ) );
#1045 =( GEOMETRIC_REPRESENTATION_CONTEXT ( 3 ) GLOBAL_UNCERTAINTY_ASSIGNED_CONTEXT ( ( #1272 ) ) GLOBAL_UNIT_ASSIGNED_CONTEXT ( ( #1279, #1711, #1559 ) ) REPRESENTATION_CONTEXT ( 'NONE', 'WORKASPACE' ) );
#1046 =( NAMED_UNIT ( * ) SI_UNIT ( $, .STERADIAN. ) SOLID_ANGLE_UNIT ( ) );
#1047 = PRESENTATION_LAYER_ASSIGNMENT (  '', '', ( #1707 ) ) ;
#1048 = VERTEX_POINT ( 'NONE', #1719 ) ;
#1049 = FILL_AREA_STYLE_COLOUR ( '', #1387 ) ;
#1050 = MECHANICAL_DESIGN_GEOMETRIC_PRESENTATION_REPRESENTATION (  '', ( #464 ), #1288 ) ;
#1051 = ORIENTED_EDGE ( 'NONE', *, *, #572, .F. ) ;
#1052 = DIRECTION ( 'NONE',  ( 1.000000000000000000, 0.000000000000000000, 0.000000000000000000 ) ) ;
#1053 = FACE_OUTER_BOUND ( 'NONE', #1690, .T. ) ;
#1054 = ORIENTED_EDGE ( 'NONE', *, *, #753, .F. ) ;
#1055 = FILL_AREA_STYLE ('',( #1072 ) ) ;
#1056 = PLANE ( 'NONE',  #208 ) ;
#1057 = DIRECTION ( 'NONE',  ( 0.000000000000000000, 0.000000000000000000, -1.000000000000000000 ) ) ;
#1058 = ORIENTED_EDGE ( 'NONE', *, *, #81, .F. ) ;
#1059 =( LENGTH_UNIT ( ) NAMED_UNIT ( * ) SI_UNIT ( .MILLI., .METRE. ) );
#1060 = SURFACE_STYLE_USAGE ( .BOTH. , #1768 ) ;
#1061 = DIRECTION ( 'NONE',  ( -1.000000000000000000, 0.000000000000000000, 0.000000000000000000 ) ) ;
#1062 = FACE_OUTER_BOUND ( 'NONE', #642, .T. ) ;
#1063 = ORIENTED_EDGE ( 'NONE', *, *, #815, .T. ) ;
#1064 = DIRECTION ( 'NONE',  ( 0.000000000000000000, 0.000000000000000000, 1.000000000000000000 ) ) ;
#1065 = PRESENTATION_STYLE_ASSIGNMENT (( #1493 ) ) ;
#1066 = SURFACE_STYLE_USAGE ( .BOTH. , #529 ) ;
#1067 = MECHANICAL_DESIGN_GEOMETRIC_PRESENTATION_REPRESENTATION (  '', ( #1626 ), #1537 ) ;
#1068 = ADVANCED_FACE ( 'NONE', ( #737 ), #489, .T. ) ;
#1069 = AXIS2_PLACEMENT_3D ( 'NONE', #1496, #538, #303 ) ;
#1070 = VECTOR ( 'NONE', #1590, 1000.000000000000000 ) ;
#1071 = EDGE_CURVE ( 'NONE', #1414, #958, #771, .T. ) ;
#1072 = FILL_AREA_STYLE_COLOUR ( '', #1076 ) ;
#1073 = PRESENTATION_LAYER_ASSIGNMENT (  '', '', ( #682 ) ) ;
#1074 = ORIENTED_EDGE ( 'NONE', *, *, #311, .T. ) ;
#1075 = DIRECTION ( 'NONE',  ( 1.000000000000000000, 0.000000000000000000, 0.000000000000000000 ) ) ;
#1076 = COLOUR_RGB ( '',0.7529411764705882248, 0.7529411764705882248, 0.7529411764705882248 ) ;
#1077 = COLOUR_RGB ( '',0.7529411764705882248, 0.7529411764705882248, 0.7529411764705882248 ) ;
#1078 = CARTESIAN_POINT ( 'NONE',  ( 0.000000000000000000, 1.949999999999999956, -2.799999999999999822 ) ) ;
#1079 = CARTESIAN_POINT ( 'NONE',  ( 3.429011037612589769E-16, 1.949999999999999956, 2.799999999999999822 ) ) ;
#1080 = PRESENTATION_STYLE_ASSIGNMENT (( #1222 ) ) ;
#1081 = EDGE_CURVE ( 'NONE', #1146, #773, #98, .T. ) ;
#1082 =( NAMED_UNIT ( * ) PLANE_ANGLE_UNIT ( ) SI_UNIT ( $, .RADIAN. ) );
#1083 = ORIENTED_EDGE ( 'NONE', *, *, #581, .F. ) ;
#1084 = CARTESIAN_POINT ( 'NONE',  ( 2.000000000000000000, 0.01139516213847808004, -4.493861823935420219 ) ) ;
#1085 =( LENGTH_UNIT ( ) NAMED_UNIT ( * ) SI_UNIT ( .MILLI., .METRE. ) );
#1086 = ORIENTED_EDGE ( 'NONE', *, *, #448, .T. ) ;
#1087 = CARTESIAN_POINT ( 'NONE',  ( -1.000000000000000000, 3.000000000000000000, -1.085042755126722103 ) ) ;
#1088 = DIRECTION ( 'NONE',  ( 0.000000000000000000, -1.000000000000000000, 0.000000000000000000 ) ) ;
#1089 = DIRECTION ( 'NONE',  ( 1.000000000000000000, 0.000000000000000000, -1.337480369428119748E-16 ) ) ;
#1090 = DIRECTION ( 'NONE',  ( 0.000000000000000000, -1.000000000000000000, 0.000000000000000000 ) ) ;
#1091 = ORIENTED_EDGE ( 'NONE', *, *, #1007, .F. ) ;
#1092 = ADVANCED_FACE ( 'NONE', ( #1777, #1062 ), #1056, .F. ) ;
#1093 =( NAMED_UNIT ( * ) SI_UNIT ( $, .STERADIAN. ) SOLID_ANGLE_UNIT ( ) );
#1094 = UNCERTAINTY_MEASURE_WITH_UNIT (LENGTH_MEASURE( 1.000000000000000082E-05 ), #1167, 'distance_accuracy_value', 'NONE');
#1095 = DIRECTION ( 'NONE',  ( -1.000000000000000000, 0.000000000000000000, 0.000000000000000000 ) ) ;
#1096 = DIRECTION ( 'NONE',  ( 0.000000000000000000, -1.217588617990741971E-16, 1.000000000000000000 ) ) ;
#1097 = SURFACE_STYLE_FILL_AREA ( #13 ) ;
#1098 = FILL_AREA_STYLE_COLOUR ( '', #205 ) ;
#1099 =( NAMED_UNIT ( * ) SI_UNIT ( $, .STERADIAN. ) SOLID_ANGLE_UNIT ( ) );
#1100 =( LENGTH_UNIT ( ) NAMED_UNIT ( * ) SI_UNIT ( .MILLI., .METRE. ) );
#1101 = MECHANICAL_DESIGN_GEOMETRIC_PRESENTATION_REPRESENTATION (  '', ( #1012 ), #1158 ) ;
#1102 = FILL_AREA_STYLE_COLOUR ( '', #1105 ) ;
#1103 =( GEOMETRIC_REPRESENTATION_CONTEXT ( 3 ) GLOBAL_UNCERTAINTY_ASSIGNED_CONTEXT ( ( #591 ) ) GLOBAL_UNIT_ASSIGNED_CONTEXT ( ( #1530, #1121, #421 ) ) REPRESENTATION_CONTEXT ( 'NONE', 'WORKASPACE' ) );
#1104 = ORIENTED_EDGE ( 'NONE', *, *, #1211, .T. ) ;
#1105 = COLOUR_RGB ( '',0.7529411764705882248, 0.7529411764705882248, 0.7529411764705882248 ) ;
#1106 = FACE_OUTER_BOUND ( 'NONE', #233, .T. ) ;
#1107 = VECTOR ( 'NONE', #1216, 1000.000000000000000 ) ;
#1108 = LINE ( 'NONE', #1658, #490 ) ;
#1109 = AXIS2_PLACEMENT_3D ( 'NONE', #275, #264, #1075 ) ;
#1110 = VERTEX_POINT ( 'NONE', #109 ) ;
#1111 = PLANE ( 'NONE',  #1503 ) ;
#1112 = FACE_OUTER_BOUND ( 'NONE', #1025, .T. ) ;
#1113 = CARTESIAN_POINT ( 'NONE',  ( 2.000000000000000000, -1.856398992183080294E-16, -4.599999999999999645 ) ) ;
#1114 = FILL_AREA_STYLE ('',( #1102 ) ) ;
#1115 = ORIENTED_EDGE ( 'NONE', *, *, #503, .F. ) ;
#1116 =( NAMED_UNIT ( * ) PLANE_ANGLE_UNIT ( ) SI_UNIT ( $, .RADIAN. ) );
#1117 = CARTESIAN_POINT ( 'NONE',  ( -1.500000000000000000, 0.000000000000000000, 5.899999999999999467 ) ) ;
#1118 = DIRECTION ( 'NONE',  ( 0.000000000000000000, 1.000000000000000000, 0.000000000000000000 ) ) ;
#1119 = EDGE_CURVE ( 'NONE', #879, #778, #1541, .T. ) ;
#1120 = CARTESIAN_POINT ( 'NONE',  ( 1.500000000000000000, 2.649999999999999911, 4.500000000000000000 ) ) ;
#1121 =( NAMED_UNIT ( * ) PLANE_ANGLE_UNIT ( ) SI_UNIT ( $, .RADIAN. ) );
#1122 = FILL_AREA_STYLE ('',( #1291 ) ) ;
#1123 = VERTEX_POINT ( 'NONE', #660 ) ;
#1124 = DIRECTION ( 'NONE',  ( 0.000000000000000000, 1.293687906615163868E-16, -1.000000000000000000 ) ) ;
#1125 = DIRECTION ( 'NONE',  ( 0.000000000000000000, 1.000000000000000000, 0.000000000000000000 ) ) ;
#1126 = DIRECTION ( 'NONE',  ( 0.000000000000000000, 0.000000000000000000, -1.000000000000000000 ) ) ;
#1127 = CYLINDRICAL_SURFACE ( 'NONE', #1131, 3.399999999999999911 ) ;
#1128 = EDGE_CURVE ( 'NONE', #1110, #1390, #1220, .T. ) ;
#1129 = DIRECTION ( 'NONE',  ( 0.000000000000000000, 0.2122763521291574362, 0.9772096757230446240 ) ) ;
#1130 = FILL_AREA_STYLE_COLOUR ( '', #1605 ) ;
#1131 = AXIS2_PLACEMENT_3D ( 'NONE', #1215, #128, #646 ) ;
#1132 = FILL_AREA_STYLE_COLOUR ( '', #1306 ) ;
#1133 = ORIENTED_EDGE ( 'NONE', *, *, #82, .T. ) ;
#1134 = FILL_AREA_STYLE_COLOUR ( '', #1477 ) ;
#1135 = MECHANICAL_DESIGN_GEOMETRIC_PRESENTATION_REPRESENTATION (  '', ( #1189 ), #872 ) ;
#1136 = PRESENTATION_LAYER_ASSIGNMENT (  '', '', ( #710 ) ) ;
#1137 =( GEOMETRIC_REPRESENTATION_CONTEXT ( 3 ) GLOBAL_UNCERTAINTY_ASSIGNED_CONTEXT ( ( #1293 ) ) GLOBAL_UNIT_ASSIGNED_CONTEXT ( ( #1751, #230, #762 ) ) REPRESENTATION_CONTEXT ( 'NONE', 'WORKASPACE' ) );
#1138 = CIRCLE ( 'NONE', #902, 0.2999999999999999334 ) ;
#1139 = AXIS2_PLACEMENT_3D ( 'NONE', #1078, #255, #1775 ) ;
#1140 = ORIENTED_EDGE ( 'NONE', *, *, #111, .F. ) ;
#1141 = UNCERTAINTY_MEASURE_WITH_UNIT (LENGTH_MEASURE( 1.000000000000000082E-05 ), #351, 'distance_accuracy_value', 'NONE');
#1142 = DIRECTION ( 'NONE',  ( 0.000000000000000000, -1.000000000000000000, 0.000000000000000000 ) ) ;
#1143 = ORIENTED_EDGE ( 'NONE', *, *, #1556, .T. ) ;
#1144 = DIRECTION ( 'NONE',  ( 0.000000000000000000, -1.000000000000000000, 0.000000000000000000 ) ) ;
#1145 = ADVANCED_FACE ( 'NONE', ( #1610 ), #272, .T. ) ;
#1146 = VERTEX_POINT ( 'NONE', #916 ) ;
#1147 = CARTESIAN_POINT ( 'NONE',  ( 1.000000000000000000, 2.850000000000000089, -0.5850427551267219917 ) ) ;
#1148 =( NAMED_UNIT ( * ) PLANE_ANGLE_UNIT ( ) SI_UNIT ( $, .RADIAN. ) );
#1149 = UNCERTAINTY_MEASURE_WITH_UNIT (LENGTH_MEASURE( 1.000000000000000082E-05 ), #1059, 'distance_accuracy_value', 'NONE');
#1150 =( NAMED_UNIT ( * ) SI_UNIT ( $, .STERADIAN. ) SOLID_ANGLE_UNIT ( ) );
#1151 = DIRECTION ( 'NONE',  ( 0.000000000000000000, 0.000000000000000000, -1.000000000000000000 ) ) ;
#1152 = ORIENTED_EDGE ( 'NONE', *, *, #442, .T. ) ;
#1153 = SURFACE_STYLE_USAGE ( .BOTH. , #214 ) ;
#1154 = EDGE_CURVE ( 'NONE', #324, #294, #643, .T. ) ;
#1155 = PRESENTATION_STYLE_ASSIGNMENT (( #1703 ) ) ;
#1156 = ORIENTED_EDGE ( 'NONE', *, *, #932, .F. ) ;
#1157 = CIRCLE ( 'NONE', #257, 0.1999999999999996503 ) ;
#1158 =( GEOMETRIC_REPRESENTATION_CONTEXT ( 3 ) GLOBAL_UNCERTAINTY_ASSIGNED_CONTEXT ( ( #64 ) ) GLOBAL_UNIT_ASSIGNED_CONTEXT ( ( #1642, #542, #950 ) ) REPRESENTATION_CONTEXT ( 'NONE', 'WORKASPACE' ) );
#1159 = STYLED_ITEM ( 'NONE', ( #107 ), #1635 ) ;
#1160 = SURFACE_STYLE_FILL_AREA ( #760 ) ;
#1161 = COLOUR_RGB ( '',0.7529411764705882248, 0.7529411764705882248, 0.7529411764705882248 ) ;
#1162 = MECHANICAL_DESIGN_GEOMETRIC_PRESENTATION_REPRESENTATION (  '', ( #1730 ), #849 ) ;
#1163 = ADVANCED_FACE ( 'NONE', ( #252 ), #786, .F. ) ;
#1164 = CIRCLE ( 'NONE', #1578, 0.2999999999999999334 ) ;
#1165 = PRESENTATION_LAYER_ASSIGNMENT (  '', '', ( #1260 ) ) ;
#1166 = DIRECTION ( 'NONE',  ( 1.000000000000000000, 0.000000000000000000, -1.224646799147351975E-16 ) ) ;
#1167 =( LENGTH_UNIT ( ) NAMED_UNIT ( * ) SI_UNIT ( .MILLI., .METRE. ) );
#1168 = ORIENTED_EDGE ( 'NONE', *, *, #1119, .F. ) ;
#1169 = CARTESIAN_POINT ( 'NONE',  ( 2.000000000000000000, -8.766815528651980484E-17, -5.400000000000000355 ) ) ;
#1170 = CARTESIAN_POINT ( 'NONE',  ( 2.000000000000000000, 2.649999999999999911, 4.500000000000000000 ) ) ;
#1171 =( LENGTH_UNIT ( ) NAMED_UNIT ( * ) SI_UNIT ( .MILLI., .METRE. ) );
#1172 = SURFACE_SIDE_STYLE ('',( #1462 ) ) ;
#1173 = SURFACE_STYLE_FILL_AREA ( #1739 ) ;
#1174 = EDGE_LOOP ( 'NONE', ( #1051, #1404, #349, #1058, #99, #1713 ) ) ;
#1175 = DIRECTION ( 'NONE',  ( -1.000000000000000000, 0.000000000000000000, 0.000000000000000000 ) ) ;
#1176 =( NAMED_UNIT ( * ) SI_UNIT ( $, .STERADIAN. ) SOLID_ANGLE_UNIT ( ) );
#1177 = EDGE_LOOP ( 'NONE', ( #888, #891 ) ) ;
#1178 = PRESENTATION_STYLE_ASSIGNMENT (( #413 ) ) ;
#1179 = CARTESIAN_POINT ( 'NONE',  ( 1.500000000000000000, 2.649999999999999911, 4.299999999999999822 ) ) ;
#1180 = SURFACE_SIDE_STYLE ('',( #842 ) ) ;
#1181 = LINE ( 'NONE', #509, #994 ) ;
#1182 = PRESENTATION_STYLE_ASSIGNMENT (( #1060 ) ) ;
#1183 = ORIENTED_EDGE ( 'NONE', *, *, #1722, .F. ) ;
#1184 = DIRECTION ( 'NONE',  ( 0.000000000000000000, -1.000000000000000000, 0.000000000000000000 ) ) ;
#1185 = DIRECTION ( 'NONE',  ( 0.000000000000000000, 0.000000000000000000, 1.000000000000000000 ) ) ;
#1186 = VECTOR ( 'NONE', #1364, 1000.000000000000000 ) ;
#1187 = FILL_AREA_STYLE_COLOUR ( '', #1225 ) ;
#1188 = AXIS2_PLACEMENT_3D ( 'NONE', #700, #1245, #1124 ) ;
#1189 = STYLED_ITEM ( 'NONE', ( #971 ), #1678 ) ;
#1190 = COLOUR_RGB ( '',0.7529411764705882248, 0.7529411764705882248, 0.7529411764705882248 ) ;
#1191 = VECTOR ( 'NONE', #354, 1000.000000000000000 ) ;
#1192 = CARTESIAN_POINT ( 'NONE',  ( 0.000000000000000000, 2.550000000000000266, 0.000000000000000000 ) ) ;
#1193 = AXIS2_PLACEMENT_3D ( 'NONE', #1238, #20, #562 ) ;
#1194 = ORIENTED_EDGE ( 'NONE', *, *, #1492, .F. ) ;
#1195 = FILL_AREA_STYLE ('',( #132 ) ) ;
#1196 = FILL_AREA_STYLE ('',( #1771 ) ) ;
#1197 = VECTOR ( 'NONE', #803, 1000.000000000000000 ) ;
#1198 = SURFACE_STYLE_FILL_AREA ( #504 ) ;
#1199 = ORIENTED_EDGE ( 'NONE', *, *, #1200, .T. ) ;
#1200 = EDGE_CURVE ( 'NONE', #105, #339, #1521, .T. ) ;
#1201 = CARTESIAN_POINT ( 'NONE',  ( 2.000000000000000000, 2.649999999999999911, 4.299999999999999822 ) ) ;
#1202 =( NAMED_UNIT ( * ) SI_UNIT ( $, .STERADIAN. ) SOLID_ANGLE_UNIT ( ) );
#1203 = DIRECTION ( 'NONE',  ( 0.000000000000000000, -1.000000000000000000, 0.000000000000000000 ) ) ;
#1204 = LINE ( 'NONE', #1483, #1395 ) ;
#1205 = FILL_AREA_STYLE ('',( #1049 ) ) ;
#1206 = VERTEX_POINT ( 'NONE', #417 ) ;
#1207 = CARTESIAN_POINT ( 'NONE',  ( 2.000000000000000000, 0.1499999999999999944, -4.599999999999999645 ) ) ;
#1208 = SURFACE_STYLE_FILL_AREA ( #282 ) ;
#1209 = EDGE_CURVE ( 'NONE', #1206, #17, #577, .T. ) ;
#1210 = LINE ( 'NONE', #248, #1107 ) ;
#1211 = EDGE_CURVE ( 'NONE', #1020, #1146, #169, .T. ) ;
#1212 = DIRECTION ( 'NONE',  ( 0.000000000000000000, 0.000000000000000000, 1.000000000000000000 ) ) ;
#1213 = ORIENTED_EDGE ( 'NONE', *, *, #1018, .F. ) ;
#1214 = CARTESIAN_POINT ( 'NONE',  ( 2.000000000000000000, 0.5000000000000000000, -4.599999999999999645 ) ) ;
#1215 = CARTESIAN_POINT ( 'NONE',  ( 0.000000000000000000, -1.516961044681879978, 0.000000000000000000 ) ) ;
#1216 = DIRECTION ( 'NONE',  ( 1.337480369428119748E-16, 0.000000000000000000, 1.000000000000000000 ) ) ;
#1217 = VECTOR ( 'NONE', #1118, 1000.000000000000000 ) ;
#1218 = AXIS2_PLACEMENT_3D ( 'NONE', #1201, #1774, #1185 ) ;
#1219 = AXIS2_PLACEMENT_3D ( 'NONE', #1782, #1636, #279 ) ;
#1220 = CIRCLE ( 'NONE', #89, 3.399999999999999911 ) ;
#1221 = DIRECTION ( 'NONE',  ( 1.000000000000000000, 0.000000000000000000, 0.000000000000000000 ) ) ;
#1222 = SURFACE_STYLE_USAGE ( .BOTH. , #24 ) ;
#1223 =( GEOMETRIC_REPRESENTATION_CONTEXT ( 3 ) GLOBAL_UNCERTAINTY_ASSIGNED_CONTEXT ( ( #268 ) ) GLOBAL_UNIT_ASSIGNED_CONTEXT ( ( #204, #1697, #875 ) ) REPRESENTATION_CONTEXT ( 'NONE', 'WORKASPACE' ) );
#1224 = CIRCLE ( 'NONE', #826, 0.5000000000000000000 ) ;
#1225 = COLOUR_RGB ( '',0.7529411764705882248, 0.7529411764705882248, 0.7529411764705882248 ) ;
#1226 = ORIENTED_EDGE ( 'NONE', *, *, #1446, .F. ) ;
#1227 = CYLINDRICAL_SURFACE ( 'NONE', #1218, 0.1999999999999996503 ) ;
#1228 = VECTOR ( 'NONE', #1278, 1000.000000000000000 ) ;
#1229 = SURFACE_STYLE_FILL_AREA ( #951 ) ;
#1230 = ORIENTED_EDGE ( 'NONE', *, *, #3, .T. ) ;
#1231 = ADVANCED_FACE ( 'NONE', ( #305 ), #1689, .F. ) ;
#1232 = SURFACE_SIDE_STYLE ('',( #36 ) ) ;
#1233 = PRESENTATION_STYLE_ASSIGNMENT (( #688 ) ) ;
#1234 = SURFACE_STYLE_USAGE ( .BOTH. , #322 ) ;
#1235 = SURFACE_STYLE_USAGE ( .BOTH. , #833 ) ;
#1236 = EDGE_LOOP ( 'NONE', ( #403, #1316, #452, #1684 ) ) ;
#1237 = SURFACE_STYLE_FILL_AREA ( #965 ) ;
#1238 = CARTESIAN_POINT ( 'NONE',  ( 2.000000000000000000, -0.9000000000000000222, -3.978609757211774234 ) ) ;
#1239 = UNCERTAINTY_MEASURE_WITH_UNIT (LENGTH_MEASURE( 1.000000000000000082E-05 ), #378, 'distance_accuracy_value', 'NONE');
#1240 = DIRECTION ( 'NONE',  ( 0.000000000000000000, -1.000000000000000000, 0.000000000000000000 ) ) ;
#1241 = FILL_AREA_STYLE ('',( #168 ) ) ;
#1242 = CARTESIAN_POINT ( 'NONE',  ( -1.500000000000000000, -7.000000000000000000, -0.5850427551267189941 ) ) ;
#1243 = CARTESIAN_POINT ( 'NONE',  ( -2.000000000000000000, 0.2237911270814995079, -4.222727562160304871 ) ) ;
#1244 = ORIENTED_EDGE ( 'NONE', *, *, #777, .T. ) ;
#1245 = DIRECTION ( 'NONE',  ( 0.000000000000000000, 1.000000000000000000, 1.293687906615163868E-16 ) ) ;
#1246 = DIRECTION ( 'NONE',  ( 0.000000000000000000, -1.217588617990741971E-16, 1.000000000000000000 ) ) ;
#1247 = DIRECTION ( 'NONE',  ( 0.000000000000000000, 0.000000000000000000, 1.000000000000000000 ) ) ;
#1248 =( GEOMETRIC_REPRESENTATION_CONTEXT ( 3 ) GLOBAL_UNCERTAINTY_ASSIGNED_CONTEXT ( ( #1560 ) ) GLOBAL_UNIT_ASSIGNED_CONTEXT ( ( #1372, #202, #319 ) ) REPRESENTATION_CONTEXT ( 'NONE', 'WORKASPACE' ) );
#1249 = STYLED_ITEM ( 'NONE', ( #116 ), #884 ) ;
#1250 = PRESENTATION_STYLE_ASSIGNMENT (( #665 ) ) ;
#1251 = SURFACE_STYLE_FILL_AREA ( #962 ) ;
#1252 =( GEOMETRIC_REPRESENTATION_CONTEXT ( 3 ) GLOBAL_UNCERTAINTY_ASSIGNED_CONTEXT ( ( #347 ) ) GLOBAL_UNIT_ASSIGNED_CONTEXT ( ( #1294, #623, #198 ) ) REPRESENTATION_CONTEXT ( 'NONE', 'WORKASPACE' ) );
#1253 = SURFACE_STYLE_FILL_AREA ( #1671 ) ;
#1254 = CIRCLE ( 'NONE', #486, 0.3499999999999996447 ) ;
#1255 = EDGE_LOOP ( 'NONE', ( #1506, #593, #227, #758 ) ) ;
#1256 =( GEOMETRIC_REPRESENTATION_CONTEXT ( 3 ) GLOBAL_UNCERTAINTY_ASSIGNED_CONTEXT ( ( #1094 ) ) GLOBAL_UNIT_ASSIGNED_CONTEXT ( ( #1167, #387, #641 ) ) REPRESENTATION_CONTEXT ( 'NONE', 'WORKASPACE' ) );
#1257 = CARTESIAN_POINT ( 'NONE',  ( -1.500000000000000000, 3.000000000000000000, 4.299999999999999822 ) ) ;
#1258 = EDGE_CURVE ( 'NONE', #699, #324, #704, .T. ) ;
#1259 = CARTESIAN_POINT ( 'NONE',  ( 2.000000000000000000, 0.2500000000000000000, -3.978609757211774234 ) ) ;
#1260 = STYLED_ITEM ( 'NONE', ( #1178 ), #419 ) ;
#1261 = DIRECTION ( 'NONE',  ( 0.000000000000000000, -1.000000000000000000, -1.293687906615163868E-16 ) ) ;
#1262 = CARTESIAN_POINT ( 'NONE',  ( -1.500000000000000000, 2.649999999999999911, 4.500000000000000000 ) ) ;
#1263 = DIRECTION ( 'NONE',  ( -1.000000000000000000, 0.000000000000000000, 0.000000000000000000 ) ) ;
#1264 = LINE ( 'NONE', #1667, #520 ) ;
#1265 = FILL_AREA_STYLE_COLOUR ( '', #1631 ) ;
#1266 =( NAMED_UNIT ( * ) SI_UNIT ( $, .STERADIAN. ) SOLID_ANGLE_UNIT ( ) );
#1267 = ORIENTED_EDGE ( 'NONE', *, *, #602, .F. ) ;
#1268 = ADVANCED_FACE ( 'NONE', ( #1512 ), #1402, .F. ) ;
#1269 = EDGE_LOOP ( 'NONE', ( #1281, #1083, #1318, #560 ) ) ;
#1270 = DIRECTION ( 'NONE',  ( 0.000000000000000000, -1.000000000000000000, 0.000000000000000000 ) ) ;
#1271 = CARTESIAN_POINT ( 'NONE',  ( -2.000000000000000000, 0.5000000000000000000, -4.599999999999999645 ) ) ;
#1272 = UNCERTAINTY_MEASURE_WITH_UNIT (LENGTH_MEASURE( 1.000000000000000082E-05 ), #1279, 'distance_accuracy_value', 'NONE');
#1273 = FILL_AREA_STYLE_COLOUR ( '', #513 ) ;
#1274 = ORIENTED_EDGE ( 'NONE', *, *, #798, .F. ) ;
#1275 = FILL_AREA_STYLE_COLOUR ( '', #487 ) ;
#1276 = CARTESIAN_POINT ( 'NONE',  ( -1.500000000000000000, 0.000000000000000000, 5.899999999999999467 ) ) ;
#1277 = SURFACE_STYLE_USAGE ( .BOTH. , #1409 ) ;
#1278 = DIRECTION ( 'NONE',  ( -1.000000000000000000, 0.000000000000000000, 0.000000000000000000 ) ) ;
#1279 =( LENGTH_UNIT ( ) NAMED_UNIT ( * ) SI_UNIT ( .MILLI., .METRE. ) );
#1280 = PRESENTATION_LAYER_ASSIGNMENT (  '', '', ( #774 ) ) ;
#1281 = ORIENTED_EDGE ( 'NONE', *, *, #1722, .T. ) ;
#1282 = CARTESIAN_POINT ( 'NONE',  ( 1.500000000000000000, 0.4000000000000000222, 4.500000000000000000 ) ) ;
#1283 = MECHANICAL_DESIGN_GEOMETRIC_PRESENTATION_REPRESENTATION (  '', ( #1159 ), #987 ) ;
#1284 = AXIS2_PLACEMENT_3D ( 'NONE', #1026, #1302, #626 ) ;
#1285 =( GEOMETRIC_REPRESENTATION_CONTEXT ( 3 ) GLOBAL_UNCERTAINTY_ASSIGNED_CONTEXT ( ( #692 ) ) GLOBAL_UNIT_ASSIGNED_CONTEXT ( ( #1553, #73, #1010 ) ) REPRESENTATION_CONTEXT ( 'NONE', 'WORKASPACE' ) );
#1286 =( NAMED_UNIT ( * ) SI_UNIT ( $, .STERADIAN. ) SOLID_ANGLE_UNIT ( ) );
#1287 = CARTESIAN_POINT ( 'NONE',  ( -1.500000000000000000, 0.1499999999999999944, 4.899999999999999467 ) ) ;
#1288 =( GEOMETRIC_REPRESENTATION_CONTEXT ( 3 ) GLOBAL_UNCERTAINTY_ASSIGNED_CONTEXT ( ( #450 ) ) GLOBAL_UNIT_ASSIGNED_CONTEXT ( ( #812, #6, #1099 ) ) REPRESENTATION_CONTEXT ( 'NONE', 'WORKASPACE' ) );
#1289 = ADVANCED_FACE ( 'NONE', ( #53 ), #1715, .T. ) ;
#1290 = UNCERTAINTY_MEASURE_WITH_UNIT (LENGTH_MEASURE( 1.000000000000000082E-05 ), #998, 'distance_accuracy_value', 'NONE');
#1291 = FILL_AREA_STYLE_COLOUR ( '', #458 ) ;
#1292 = ORIENTED_EDGE ( 'NONE', *, *, #1587, .F. ) ;
#1293 = UNCERTAINTY_MEASURE_WITH_UNIT (LENGTH_MEASURE( 1.000000000000000082E-05 ), #1751, 'distance_accuracy_value', 'NONE');
#1294 =( LENGTH_UNIT ( ) NAMED_UNIT ( * ) SI_UNIT ( .MILLI., .METRE. ) );
#1295 = FACE_OUTER_BOUND ( 'NONE', #368, .T. ) ;
#1296 = ORIENTED_EDGE ( 'NONE', *, *, #503, .T. ) ;
#1297 =( NAMED_UNIT ( * ) PLANE_ANGLE_UNIT ( ) SI_UNIT ( $, .RADIAN. ) );
#1298 = ORIENTED_EDGE ( 'NONE', *, *, #978, .T. ) ;
#1299 = SURFACE_STYLE_USAGE ( .BOTH. , #95 ) ;
#1300 = FILL_AREA_STYLE ('',( #338 ) ) ;
#1301 = ORIENTED_EDGE ( 'NONE', *, *, #808, .T. ) ;
#1302 = DIRECTION ( 'NONE',  ( -1.000000000000000000, 0.000000000000000000, 0.000000000000000000 ) ) ;
#1303 = AXIS2_PLACEMENT_3D ( 'NONE', #731, #1263, #590 ) ;
#1304 = EDGE_CURVE ( 'NONE', #1020, #1583, #353, .T. ) ;
#1305 = CIRCLE ( 'NONE', #405, 2.000000000000000000 ) ;
#1306 = COLOUR_RGB ( '',0.7529411764705882248, 0.7529411764705882248, 0.7529411764705882248 ) ;
#1308 = CIRCLE ( 'NONE', #1733, 0.5000000000000000000 ) ;
#1307 = DIRECTION ( 'NONE',  ( 0.000000000000000000, 0.000000000000000000, -1.000000000000000000 ) ) ;
#1309 = DIRECTION ( 'NONE',  ( 0.000000000000000000, -1.000000000000000000, 0.000000000000000000 ) ) ;
#1310 = ORIENTED_EDGE ( 'NONE', *, *, #528, .T. ) ;
#1311 = PRESENTATION_STYLE_ASSIGNMENT (( #1442 ) ) ;
#1312 = LINE ( 'NONE', #1741, #1661 ) ;
#1313 = ORIENTED_EDGE ( 'NONE', *, *, #1338, .F. ) ;
#1314 = CYLINDRICAL_SURFACE ( 'NONE', #659, 1.149999999999999911 ) ;
#1315 = CARTESIAN_POINT ( 'NONE',  ( 2.000000000000000000, 0.1499999999999999944, -4.599999999999999645 ) ) ;
#1316 = ORIENTED_EDGE ( 'NONE', *, *, #385, .F. ) ;
#1317 = DIRECTION ( 'NONE',  ( -1.337480369428119748E-16, 0.000000000000000000, 1.000000000000000000 ) ) ;
#1318 = ORIENTED_EDGE ( 'NONE', *, *, #395, .F. ) ;
#1319 = LINE ( 'NONE', #680, #1505 ) ;
#1320 = LINE ( 'NONE', #1643, #938 ) ;
#1321 = ORIENTED_EDGE ( 'NONE', *, *, #1018, .T. ) ;
#1322 = SURFACE_SIDE_STYLE ('',( #1198 ) ) ;
#1323 = ORIENTED_EDGE ( 'NONE', *, *, #311, .F. ) ;
#1324 = MECHANICAL_DESIGN_GEOMETRIC_PRESENTATION_REPRESENTATION (  '', ( #792 ), #1248 ) ;
#1325 = FACE_OUTER_BOUND ( 'NONE', #244, .T. ) ;
#1326 = VECTOR ( 'NONE', #1448, 1000.000000000000000 ) ;
#1327 = SURFACE_SIDE_STYLE ('',( #1229 ) ) ;
#1328 = MECHANICAL_DESIGN_GEOMETRIC_PRESENTATION_REPRESENTATION (  '', ( #1726 ), #173 ) ;
#1329 = PRESENTATION_LAYER_ASSIGNMENT (  '', '', ( #62 ) ) ;
#1330 = SURFACE_STYLE_USAGE ( .BOTH. , #1172 ) ;
#1331 = VECTOR ( 'NONE', #381, 1000.000000000000114 ) ;
#1332 = MECHANICAL_DESIGN_GEOMETRIC_PRESENTATION_REPRESENTATION (  '', ( #903 ), #1424 ) ;
#1333 = ORIENTED_EDGE ( 'NONE', *, *, #911, .F. ) ;
#1334 = EDGE_CURVE ( 'NONE', #511, #645, #1224, .T. ) ;
#1335 = COLOUR_RGB ( '',0.7529411764705882248, 0.7529411764705882248, 0.7529411764705882248 ) ;
#1336 = VERTEX_POINT ( 'NONE', #733 ) ;
#1337 = CARTESIAN_POINT ( 'NONE',  ( 0.000000000000000000, 2.550000000000000266, -2.799999999999999822 ) ) ;
#1338 = EDGE_CURVE ( 'NONE', #157, #165, #1138, .T. ) ;
#1339 =( LENGTH_UNIT ( ) NAMED_UNIT ( * ) SI_UNIT ( .MILLI., .METRE. ) );
#1340 = SURFACE_STYLE_USAGE ( .BOTH. , #946 ) ;
#1341 = VERTEX_POINT ( 'NONE', #601 ) ;
#1342 = CARTESIAN_POINT ( 'NONE',  ( -2.000000000000000000, 10.09999999999999964, 1.306624785681315938E-15 ) ) ;
#1343 =( NAMED_UNIT ( * ) PLANE_ANGLE_UNIT ( ) SI_UNIT ( $, .RADIAN. ) );
#1344 = DIRECTION ( 'NONE',  ( -1.337480369428119748E-16, 0.000000000000000000, 1.000000000000000000 ) ) ;
#1345 = ORIENTED_EDGE ( 'NONE', *, *, #1745, .T. ) ;
#1346 = CARTESIAN_POINT ( 'NONE',  ( 2.000000000000000000, -0.9000000000000000222, -3.978609757211774234 ) ) ;
#1347 = SURFACE_SIDE_STYLE ('',( #1208 ) ) ;
#1348 = DIRECTION ( 'NONE',  ( 0.000000000000000000, 0.000000000000000000, -1.000000000000000000 ) ) ;
#1349 = COLOUR_RGB ( '',0.7529411764705882248, 0.7529411764705882248, 0.7529411764705882248 ) ;
#1350 = COLOUR_RGB ( '',0.7529411764705882248, 0.7529411764705882248, 0.7529411764705882248 ) ;
#1351 = AXIS2_PLACEMENT_3D ( 'NONE', #696, #23, #1410 ) ;
#1352 =( LENGTH_UNIT ( ) NAMED_UNIT ( * ) SI_UNIT ( .MILLI., .METRE. ) );
#1353 = VECTOR ( 'NONE', #1317, 1000.000000000000000 ) ;
#1354 = LINE ( 'NONE', #977, #820 ) ;
#1356 = COLOUR_RGB ( '',0.7529411764705882248, 0.7529411764705882248, 0.7529411764705882248 ) ;
#1355 = CARTESIAN_POINT ( 'NONE',  ( 2.000000000000000000, 0.000000000000000000, 4.899999999999999467 ) ) ;
#1357 = CARTESIAN_POINT ( 'NONE',  ( 2.000000000000000000, 2.850000000000000089, 4.299999999999999822 ) ) ;
#1358 = VECTOR ( 'NONE', #1095, 1000.000000000000000 ) ;
#1359 = ORIENTED_EDGE ( 'NONE', *, *, #398, .T. ) ;
#1360 = SURFACE_STYLE_FILL_AREA ( #314 ) ;
#1361 = UNCERTAINTY_MEASURE_WITH_UNIT (LENGTH_MEASURE( 1.000000000000000082E-05 ), #1524, 'distance_accuracy_value', 'NONE');
#1362 = FACE_OUTER_BOUND ( 'NONE', #751, .T. ) ;
#1363 = EDGE_LOOP ( 'NONE', ( #1572, #1152, #438, #625, #1619, #466, #726, #1091, #1672, #1183, #374, #982 ) ) ;
#1364 = DIRECTION ( 'NONE',  ( 0.000000000000000000, -1.355252715606880049E-16, 1.000000000000000000 ) ) ;
#1365 = DIRECTION ( 'NONE',  ( 0.000000000000000000, 1.000000000000000000, 0.000000000000000000 ) ) ;
#1366 = ADVANCED_FACE ( 'NONE', ( #1008 ), #479, .F. ) ;
#1367 = CARTESIAN_POINT ( 'NONE',  ( -2.000000000000000000, 0.1499999999999999944, -5.400000000000000355 ) ) ;
#1368 =( NAMED_UNIT ( * ) PLANE_ANGLE_UNIT ( ) SI_UNIT ( $, .RADIAN. ) );
#1369 = EDGE_LOOP ( 'NONE', ( #1746, #1371, #80, #904 ) ) ;
#1370 = UNCERTAINTY_MEASURE_WITH_UNIT (LENGTH_MEASURE( 1.000000000000000082E-05 ), #1679, 'distance_accuracy_value', 'NONE');
#1371 = ORIENTED_EDGE ( 'NONE', *, *, #81, .T. ) ;
#1372 =( LENGTH_UNIT ( ) NAMED_UNIT ( * ) SI_UNIT ( .MILLI., .METRE. ) );
#1373 = DIRECTION ( 'NONE',  ( -0.000000000000000000, 1.000000000000000000, 0.000000000000000000 ) ) ;
#1374 =( NAMED_UNIT ( * ) PLANE_ANGLE_UNIT ( ) SI_UNIT ( $, .RADIAN. ) );
#1375 = EDGE_CURVE ( 'NONE', #1693, #1436, #401, .T. ) ;
#1376 = CARTESIAN_POINT ( 'NONE',  ( 2.000000000000000000, 0.1579766134969345093, -4.525703276754799553 ) ) ;
#1377 = ORIENTED_EDGE ( 'NONE', *, *, #1258, .T. ) ;
#1378 =( LENGTH_UNIT ( ) NAMED_UNIT ( * ) SI_UNIT ( .MILLI., .METRE. ) );
#1379 = CARTESIAN_POINT ( 'NONE',  ( -2.000000000000000000, 0.1000000000000000056, -3.978609757211774234 ) ) ;
#1380 = VERTEX_POINT ( 'NONE', #1035 ) ;
#1381 = FACE_OUTER_BOUND ( 'NONE', #1608, .T. ) ;
#1382 = COLOUR_RGB ( '',0.7529411764705882248, 0.7529411764705882248, 0.7529411764705882248 ) ;
#1383 = STYLED_ITEM ( 'NONE', ( #746 ), #1068 ) ;
#1384 = CARTESIAN_POINT ( 'NONE',  ( 2.000000000000000000, 0.1579766134969345093, -4.525703276754799553 ) ) ;
#1385 = FILL_AREA_STYLE ('',( #673 ) ) ;
#1386 = PRESENTATION_STYLE_ASSIGNMENT (( #844 ) ) ;
#1387 = COLOUR_RGB ( '',0.7529411764705882248, 0.7529411764705882248, 0.7529411764705882248 ) ;
#1388 = LINE ( 'NONE', #551, #679 ) ;
#1389 = STYLED_ITEM ( 'NONE', ( #1433 ), #136 ) ;
#1390 = VERTEX_POINT ( 'NONE', #372 ) ;
#1391 = MECHANICAL_DESIGN_GEOMETRIC_PRESENTATION_REPRESENTATION (  '', ( #118 ), #209 ) ;
#1392 = EDGE_CURVE ( 'NONE', #1589, #361, #805, .T. ) ;
#1393 = FACE_OUTER_BOUND ( 'NONE', #612, .T. ) ;
#1394 = TOROIDAL_SURFACE ( 'NONE', #433, 2.799999999999999822, 0.5999999999999999778 ) ;
#1395 = VECTOR ( 'NONE', #1061, 1000.000000000000000 ) ;
#1396 = PRESENTATION_STYLE_ASSIGNMENT (( #981 ) ) ;
#1397 = ADVANCED_FACE ( 'NONE', ( #1443 ), #644, .F. ) ;
#1398 = MECHANICAL_DESIGN_GEOMETRIC_PRESENTATION_REPRESENTATION (  '', ( #628 ), #855 ) ;
#1399 = EDGE_LOOP ( 'NONE', ( #330, #588, #236, #1274 ) ) ;
#1400 = DIRECTION ( 'NONE',  ( 0.000000000000000000, -1.000000000000000000, 0.000000000000000000 ) ) ;
#1401 = FACE_OUTER_BOUND ( 'NONE', #1363, .T. ) ;
#1402 = PLANE ( 'NONE',  #595 ) ;
#1403 = PLANE ( 'NONE',  #714 ) ;
#1404 = ORIENTED_EDGE ( 'NONE', *, *, #1154, .F. ) ;
#1405 = CARTESIAN_POINT ( 'NONE',  ( 2.000000000000000000, 0.1499999999999999944, 5.899999999999999467 ) ) ;
#1406 = DIRECTION ( 'NONE',  ( 0.000000000000000000, 1.084202172485504434E-16, -1.000000000000000000 ) ) ;
#1407 = EDGE_CURVE ( 'NONE', #339, #1031, #743, .T. ) ;
#1408 = EDGE_LOOP ( 'NONE', ( #1640, #1487, #260, #1345 ) ) ;
#1409 = SURFACE_SIDE_STYLE ('',( #993 ) ) ;
#1410 = DIRECTION ( 'NONE',  ( 0.000000000000000000, 0.000000000000000000, 1.000000000000000000 ) ) ;
#1411 = SURFACE_STYLE_USAGE ( .BOTH. , #1434 ) ;
#1412 = UNCERTAINTY_MEASURE_WITH_UNIT (LENGTH_MEASURE( 1.000000000000000082E-05 ), #308, 'distance_accuracy_value', 'NONE');
#1413 = SURFACE_SIDE_STYLE ('',( #863 ) ) ;
#1414 = VERTEX_POINT ( 'NONE', #925 ) ;
#1415 = PRESENTATION_STYLE_ASSIGNMENT (( #1574 ) ) ;
#1416 = DIRECTION ( 'NONE',  ( 0.000000000000000000, 0.000000000000000000, 1.000000000000000000 ) ) ;
#1417 = EDGE_CURVE ( 'NONE', #17, #939, #125, .T. ) ;
#1418 = UNCERTAINTY_MEASURE_WITH_UNIT (LENGTH_MEASURE( 1.000000000000000082E-05 ), #722, 'distance_accuracy_value', 'NONE');
#1419 = PRESENTATION_LAYER_ASSIGNMENT (  '', '', ( #60 ) ) ;
#1420 = VERTEX_POINT ( 'NONE', #1749 ) ;
#1421 = FILL_AREA_STYLE ('',( #869 ) ) ;
#1422 = VECTOR ( 'NONE', #719, 1000.000000000000000 ) ;
#1423 = VECTOR ( 'NONE', #1430, 1000.000000000000000 ) ;
#1424 =( GEOMETRIC_REPRESENTATION_CONTEXT ( 3 ) GLOBAL_UNCERTAINTY_ASSIGNED_CONTEXT ( ( #1002 ) ) GLOBAL_UNIT_ASSIGNED_CONTEXT ( ( #865, #1148, #1723 ) ) REPRESENTATION_CONTEXT ( 'NONE', 'WORKASPACE' ) );
#1425 = AXIS2_PLACEMENT_3D ( 'NONE', #428, #301, #841 ) ;
#1426 = CARTESIAN_POINT ( 'NONE',  ( 0.000000000000000000, 0.000000000000000000, 0.000000000000000000 ) ) ;
#1427 = DIRECTION ( 'NONE',  ( -1.000000000000000000, 0.000000000000000000, 0.000000000000000000 ) ) ;
#1428 = EDGE_CURVE ( 'NONE', #800, #1110, #1591, .T. ) ;
#1429 = UNCERTAINTY_MEASURE_WITH_UNIT (LENGTH_MEASURE( 1.000000000000000082E-05 ), #972, 'distance_accuracy_value', 'NONE');
#1430 = DIRECTION ( 'NONE',  ( 0.000000000000000000, 1.000000000000000000, 0.000000000000000000 ) ) ;
#1431 = ORIENTED_EDGE ( 'NONE', *, *, #15, .F. ) ;
#1432 = DIRECTION ( 'NONE',  ( 0.000000000000000000, -1.000000000000000000, 0.000000000000000000 ) ) ;
#1433 = PRESENTATION_STYLE_ASSIGNMENT (( #741 ) ) ;
#1434 = SURFACE_SIDE_STYLE ('',( #344 ) ) ;
#1435 = PLANE ( 'NONE',  #1632 ) ;
#1436 = VERTEX_POINT ( 'NONE', #1243 ) ;
#1437 = EDGE_CURVE ( 'NONE', #1773, #157, #213, .T. ) ;
#1438 = FILL_AREA_STYLE ('',( #1451 ) ) ;
#1439 = FACE_OUTER_BOUND ( 'NONE', #858, .T. ) ;
#1440 =( NAMED_UNIT ( * ) PLANE_ANGLE_UNIT ( ) SI_UNIT ( $, .RADIAN. ) );
#1441 = ORIENTED_EDGE ( 'NONE', *, *, #1392, .F. ) ;
#1442 = SURFACE_STYLE_USAGE ( .BOTH. , #245 ) ;
#1443 = FACE_OUTER_BOUND ( 'NONE', #883, .T. ) ;
#1444 = MECHANICAL_DESIGN_GEOMETRIC_PRESENTATION_REPRESENTATION (  '', ( #928 ), #739 ) ;
#1445 = ORIENTED_EDGE ( 'NONE', *, *, #808, .F. ) ;
#1446 = EDGE_CURVE ( 'NONE', #171, #313, #1388, .T. ) ;
#1447 = AXIS2_PLACEMENT_3D ( 'NONE', #1566, #336, #70 ) ;
#1448 = DIRECTION ( 'NONE',  ( 0.000000000000000000, 1.000000000000000000, 0.000000000000000000 ) ) ;
#1449 = PRESENTATION_LAYER_ASSIGNMENT (  '', '', ( #1730 ) ) ;
#1450 = PRODUCT_RELATED_PRODUCT_CATEGORY ( 'part', '', ( #1628 ) ) ;
#1451 = FILL_AREA_STYLE_COLOUR ( '', #154 ) ;
#1452 = VECTOR ( 'NONE', #635, 1000.000000000000000 ) ;
#1453 = MECHANICAL_DESIGN_GEOMETRIC_PRESENTATION_REPRESENTATION (  '', ( #519 ), #1514 ) ;
#1455 =( GEOMETRIC_REPRESENTATION_CONTEXT ( 3 ) GLOBAL_UNCERTAINTY_ASSIGNED_CONTEXT ( ( #71 ) ) GLOBAL_UNIT_ASSIGNED_CONTEXT ( ( #1027, #332, #1021 ) ) REPRESENTATION_CONTEXT ( 'NONE', 'WORKASPACE' ) );
#1454 = FILL_AREA_STYLE ('',( #900 ) ) ;
#1456 = ORIENTED_EDGE ( 'NONE', *, *, #1781, .T. ) ;
#1457 = SURFACE_STYLE_USAGE ( .BOTH. , #1322 ) ;
#1458 = ORIENTED_EDGE ( 'NONE', *, *, #185, .T. ) ;
#1459 = DIRECTION ( 'NONE',  ( -1.337480369428119748E-16, 0.000000000000000000, -1.000000000000000000 ) ) ;
#1460 = SURFACE_STYLE_USAGE ( .BOTH. , #1347 ) ;
#1461 = EDGE_CURVE ( 'NONE', #1390, #1110, #91, .T. ) ;
#1462 = SURFACE_STYLE_FILL_AREA ( #366 ) ;
#1463 = ORIENTED_EDGE ( 'NONE', *, *, #1007, .T. ) ;
#1464 = CARTESIAN_POINT ( 'NONE',  ( 1.500000000000000000, 3.000000000000000000, -0.5850427551267189941 ) ) ;
#1465 = ORIENTED_EDGE ( 'NONE', *, *, #220, .T. ) ;
#1466 = LINE ( 'NONE', #1761, #122 ) ;
#1467 =( NAMED_UNIT ( * ) PLANE_ANGLE_UNIT ( ) SI_UNIT ( $, .RADIAN. ) );
#1468 =( NAMED_UNIT ( * ) PLANE_ANGLE_UNIT ( ) SI_UNIT ( $, .RADIAN. ) );
#1469 = EDGE_CURVE ( 'NONE', #979, #1693, #567, .T. ) ;
#1470 = DIRECTION ( 'NONE',  ( 0.000000000000000000, -1.000000000000000000, -1.355252715606880049E-16 ) ) ;
#1471 = ORIENTED_EDGE ( 'NONE', *, *, #1734, .F. ) ;
#1472 =( NAMED_UNIT ( * ) PLANE_ANGLE_UNIT ( ) SI_UNIT ( $, .RADIAN. ) );
#1473 = CARTESIAN_POINT ( 'NONE',  ( -1.500000000000000000, 2.850000000000000089, 4.299999999999999822 ) ) ;
#1474 = EDGE_LOOP ( 'NONE', ( #1011, #1740, #1301, #1230 ) ) ;
#1475 = PRESENTATION_LAYER_ASSIGNMENT (  '', '', ( #508 ) ) ;
#1476 = PRODUCT_DEFINITION_SHAPE ( 'NONE', 'NONE',  #536 ) ;
#1477 = COLOUR_RGB ( '',0.7529411764705882248, 0.7529411764705882248, 0.7529411764705882248 ) ;
#1478 =( GEOMETRIC_REPRESENTATION_CONTEXT ( 3 ) GLOBAL_UNCERTAINTY_ASSIGNED_CONTEXT ( ( #474 ) ) GLOBAL_UNIT_ASSIGNED_CONTEXT ( ( #1597, #1472, #124 ) ) REPRESENTATION_CONTEXT ( 'NONE', 'WORKASPACE' ) );
#1479 = VECTOR ( 'NONE', #596, 1000.000000000000000 ) ;
#1480 = SURFACE_STYLE_FILL_AREA ( #121 ) ;
#1481 = AXIS2_PLACEMENT_3D ( 'NONE', #693, #711, #967 ) ;
#1482 = VECTOR ( 'NONE', #1246, 1000.000000000000000 ) ;
#1483 = CARTESIAN_POINT ( 'NONE',  ( 2.000000000000000000, 0.01139516213847808004, -4.493861823935420219 ) ) ;
#1484 = STYLED_ITEM ( 'NONE', ( #1233 ), #548 ) ;
#1485 = EDGE_CURVE ( 'NONE', #313, #1020, #1490, .T. ) ;
#1486 = CARTESIAN_POINT ( 'NONE',  ( 2.000000000000000000, 0.4000000000000000222, 4.649999999999999467 ) ) ;
#1487 = ORIENTED_EDGE ( 'NONE', *, *, #111, .T. ) ;
#1488 = DIRECTION ( 'NONE',  ( 0.000000000000000000, 0.000000000000000000, -1.000000000000000000 ) ) ;
#1489 = SURFACE_STYLE_USAGE ( .BOTH. , #408 ) ;
#1490 = LINE ( 'NONE', #1499, #1576 ) ;
#1491 = ORIENTED_EDGE ( 'NONE', *, *, #1119, .T. ) ;
#1492 = EDGE_CURVE ( 'NONE', #1341, #1390, #698, .T. ) ;
#1493 = SURFACE_STYLE_USAGE ( .BOTH. , #809 ) ;
#1494 = CARTESIAN_POINT ( 'NONE',  ( 0.000000000000000000, 2.850000000000000089, 0.000000000000000000 ) ) ;
#1495 = CARTESIAN_POINT ( 'NONE',  ( 2.000000000000000000, 0.1499999999999999944, -5.400000000000000355 ) ) ;
#1496 = CARTESIAN_POINT ( 'NONE',  ( -1.500000000000000000, 0.4000000000000000222, 4.899999999999999467 ) ) ;
#1497 = LINE ( 'NONE', #1355, #1580 ) ;
#1498 = DIRECTION ( 'NONE',  ( -1.000000000000000000, 0.000000000000000000, 0.000000000000000000 ) ) ;
#1499 = CARTESIAN_POINT ( 'NONE',  ( 1.500000000000000000, -7.000000000000000000, 5.899999999999999467 ) ) ;
#1500 = VERTEX_POINT ( 'NONE', #182 ) ;
#1501 = DIRECTION ( 'NONE',  ( -1.000000000000000000, 0.000000000000000000, 0.000000000000000000 ) ) ;
#1502 = DIRECTION ( 'NONE',  ( 0.000000000000000000, 0.000000000000000000, 1.000000000000000000 ) ) ;
#1503 = AXIS2_PLACEMENT_3D ( 'NONE', #1743, #375, #638 ) ;
#1504 = PRODUCT_DEFINITION_CONTEXT ( 'detailed design', #470, 'design' ) ;
#1505 = VECTOR ( 'NONE', #135, 1000.000000000000000 ) ;
#1506 = ORIENTED_EDGE ( 'NONE', *, *, #442, .F. ) ;
#1507 = PRESENTATION_STYLE_ASSIGNMENT (( #811 ) ) ;
#1508 = STYLED_ITEM ( 'NONE', ( #207 ), #1289 ) ;
#1509 = AXIS2_PLACEMENT_3D ( 'NONE', #1543, #611, #1571 ) ;
#1510 = LINE ( 'NONE', #830, #649 ) ;
#1511 = SURFACE_STYLE_USAGE ( .BOTH. , #179 ) ;
#1512 = FACE_OUTER_BOUND ( 'NONE', #1174, .T. ) ;
#1513 =( GEOMETRIC_REPRESENTATION_CONTEXT ( 3 ) GLOBAL_UNCERTAINTY_ASSIGNED_CONTEXT ( ( #291 ) ) GLOBAL_UNIT_ASSIGNED_CONTEXT ( ( #112, #1772, #1176 ) ) REPRESENTATION_CONTEXT ( 'NONE', 'WORKASPACE' ) );
#1514 =( GEOMETRIC_REPRESENTATION_CONTEXT ( 3 ) GLOBAL_UNCERTAINTY_ASSIGNED_CONTEXT ( ( #1418 ) ) GLOBAL_UNIT_ASSIGNED_CONTEXT ( ( #722, #580, #1648 ) ) REPRESENTATION_CONTEXT ( 'NONE', 'WORKASPACE' ) );
#1515 = CARTESIAN_POINT ( 'NONE',  ( 0.000000000000000000, 2.850000000000000089, 0.000000000000000000 ) ) ;
#1516 = ORIENTED_EDGE ( 'NONE', *, *, #1154, .T. ) ;
#1517 = MECHANICAL_DESIGN_GEOMETRIC_PRESENTATION_REPRESENTATION (  '', ( #1607 ), #1549 ) ;
#1518 = ORIENTED_EDGE ( 'NONE', *, *, #783, .T. ) ;
#1519 = ADVANCED_FACE ( 'NONE', ( #963 ), #9, .F. ) ;
#1520 = DIRECTION ( 'NONE',  ( -1.224646799147351728E-16, 0.000000000000000000, -1.000000000000000000 ) ) ;
#1521 = LINE ( 'NONE', #297, #677 ) ;
#1522 = FACE_OUTER_BOUND ( 'NONE', #1255, .T. ) ;
#1523 = ORIENTED_EDGE ( 'NONE', *, *, #1469, .T. ) ;
#1524 =( LENGTH_UNIT ( ) NAMED_UNIT ( * ) SI_UNIT ( .MILLI., .METRE. ) );
#1525 = FILL_AREA_STYLE_COLOUR ( '', #1161 ) ;
#1526 = PRESENTATION_STYLE_ASSIGNMENT (( #1650 ) ) ;
#1527 = ADVANCED_FACE ( 'NONE', ( #1522 ), #170, .T. ) ;
#1528 = SURFACE_SIDE_STYLE ('',( #162 ) ) ;
#1529 = DIRECTION ( 'NONE',  ( 0.000000000000000000, 1.293687906615163868E-16, -1.000000000000000000 ) ) ;
#1530 =( LENGTH_UNIT ( ) NAMED_UNIT ( * ) SI_UNIT ( .MILLI., .METRE. ) );
#1531 = ADVANCED_FACE ( 'NONE', ( #756 ), #985, .F. ) ;
#1532 = EDGE_LOOP ( 'NONE', ( #1086, #685, #1731, #661 ) ) ;
#1533 = CARTESIAN_POINT ( 'NONE',  ( -2.000000000000000000, 0.5000000000000000000, -4.599999999999999645 ) ) ;
#1534 = CARTESIAN_POINT ( 'NONE',  ( -1.500000000000000000, 2.850000000000000089, -0.5850427551267189941 ) ) ;
#1535 = ORIENTED_EDGE ( 'NONE', *, *, #478, .F. ) ;
#1536 = DIRECTION ( 'NONE',  ( 0.000000000000000000, 0.000000000000000000, -1.000000000000000000 ) ) ;
#1537 =( GEOMETRIC_REPRESENTATION_CONTEXT ( 3 ) GLOBAL_UNCERTAINTY_ASSIGNED_CONTEXT ( ( #734 ) ) GLOBAL_UNIT_ASSIGNED_CONTEXT ( ( #472, #1762, #1647 ) ) REPRESENTATION_CONTEXT ( 'NONE', 'WORKASPACE' ) );
#1538 =( GEOMETRIC_REPRESENTATION_CONTEXT ( 3 ) GLOBAL_UNCERTAINTY_ASSIGNED_CONTEXT ( ( #1290 ) ) GLOBAL_UNIT_ASSIGNED_CONTEXT ( ( #998, #1297, #618 ) ) REPRESENTATION_CONTEXT ( 'NONE', 'WORKASPACE' ) );
#1539 = DIRECTION ( 'NONE',  ( 0.000000000000000000, 0.000000000000000000, 1.000000000000000000 ) ) ;
#1540 = DIRECTION ( 'NONE',  ( 0.000000000000000000, 1.000000000000000000, 0.000000000000000000 ) ) ;
#1541 = CIRCLE ( 'NONE', #821, 2.799999999999999822 ) ;
#1542 = UNCERTAINTY_MEASURE_WITH_UNIT (LENGTH_MEASURE( 1.000000000000000082E-05 ), #1352, 'distance_accuracy_value', 'NONE');
#1543 = CARTESIAN_POINT ( 'NONE',  ( 2.000000000000000000, 0.1499999999999999944, -5.400000000000000355 ) ) ;
#1544 = MECHANICAL_DESIGN_GEOMETRIC_PRESENTATION_REPRESENTATION (  '', ( #1389 ), #1137 ) ;
#1545 = ORIENTED_EDGE ( 'NONE', *, *, #759, .F. ) ;
#1546 = STYLED_ITEM ( 'NONE', ( #735 ), #1581 ) ;
#1547 = CARTESIAN_POINT ( 'NONE',  ( 2.000000000000000000, 0.4000000000000000222, 4.500000000000000000 ) ) ;
#1548 = EDGE_CURVE ( 'NONE', #540, #822, #221, .T. ) ;
#1549 =( GEOMETRIC_REPRESENTATION_CONTEXT ( 3 ) GLOBAL_UNCERTAINTY_ASSIGNED_CONTEXT ( ( #876 ) ) GLOBAL_UNIT_ASSIGNED_CONTEXT ( ( #797, #934, #915 ) ) REPRESENTATION_CONTEXT ( 'NONE', 'WORKASPACE' ) );
#1550 = AXIS2_PLACEMENT_3D ( 'NONE', #793, #1752, #386 ) ;
#1551 = LINE ( 'NONE', #1117, #37 ) ;
#1552 = CARTESIAN_POINT ( 'NONE',  ( 1.000000000000000000, 2.850000000000000089, -1.085042755126722103 ) ) ;
#1553 =( LENGTH_UNIT ( ) NAMED_UNIT ( * ) SI_UNIT ( .MILLI., .METRE. ) );
#1554 = ORIENTED_EDGE ( 'NONE', *, *, #1737, .T. ) ;
#1555 = LINE ( 'NONE', #1282, #871 ) ;
#1556 = EDGE_CURVE ( 'NONE', #1414, #1420, #348, .T. ) ;
#1557 = CARTESIAN_POINT ( 'NONE',  ( -2.000000000000000000, 0.1000000000000000056, 1.293687906615158167E-17 ) ) ;
#1558 = APPLICATION_PROTOCOL_DEFINITION ( 'draft international standard', 'automotive_design', 1998, #470 ) ;
#1559 =( NAMED_UNIT ( * ) SI_UNIT ( $, .STERADIAN. ) SOLID_ANGLE_UNIT ( ) );
#1560 = UNCERTAINTY_MEASURE_WITH_UNIT (LENGTH_MEASURE( 1.000000000000000082E-05 ), #1372, 'distance_accuracy_value', 'NONE');
#1561 = EDGE_LOOP ( 'NONE', ( #573, #1704, #1535, #274 ) ) ;
#1562 = CARTESIAN_POINT ( 'NONE',  ( 2.000000000000000000, 0.5000000000000000000, -4.599999999999999645 ) ) ;
#1563 = DIRECTION ( 'NONE',  ( 1.734723475976807094E-15, 0.000000000000000000, 1.000000000000000000 ) ) ;
#1564 = ADVANCED_FACE ( 'NONE', ( #1295 ), #1435, .F. ) ;
#1565 = ADVANCED_BREP_SHAPE_REPRESENTATION ( 'RSCSK2243R3D02008U', ( #499, #498, #1683, #546 ), #93 ) ;
#1566 = CARTESIAN_POINT ( 'NONE',  ( -1.500000000000000000, 2.649999999999999911, 4.299999999999999822 ) ) ;
#1567 =( GEOMETRIC_REPRESENTATION_CONTEXT ( 3 ) GLOBAL_UNCERTAINTY_ASSIGNED_CONTEXT ( ( #1542 ) ) GLOBAL_UNIT_ASSIGNED_CONTEXT ( ( #1352, #575, #1644 ) ) REPRESENTATION_CONTEXT ( 'NONE', 'WORKASPACE' ) );
#1568 = UNCERTAINTY_MEASURE_WITH_UNIT (LENGTH_MEASURE( 1.000000000000000082E-05 ), #1171, 'distance_accuracy_value', 'NONE');
#1569 = FILL_AREA_STYLE ('',( #1130 ) ) ;
#1570 = MECHANICAL_DESIGN_GEOMETRIC_PRESENTATION_REPRESENTATION (  '', ( #1383 ), #1538 ) ;
#1571 = DIRECTION ( 'NONE',  ( 1.000000000000000000, 0.000000000000000000, 0.000000000000000000 ) ) ;
#1572 = ORIENTED_EDGE ( 'NONE', *, *, #1200, .F. ) ;
#1573 =( GEOMETRIC_REPRESENTATION_CONTEXT ( 3 ) GLOBAL_UNCERTAINTY_ASSIGNED_CONTEXT ( ( #1702 ) ) GLOBAL_UNIT_ASSIGNED_CONTEXT ( ( #144, #1467, #553 ) ) REPRESENTATION_CONTEXT ( 'NONE', 'WORKASPACE' ) );
#1574 = SURFACE_STYLE_USAGE ( .BOTH. , #880 ) ;
#1575 = VECTOR ( 'NONE', #1540, 1000.000000000000000 ) ;
#1576 = VECTOR ( 'NONE', #422, 1000.000000000000000 ) ;
#1577 = EDGE_LOOP ( 'NONE', ( #868, #12, #40, #288 ) ) ;
#1578 = AXIS2_PLACEMENT_3D ( 'NONE', #943, #137, #791 ) ;
#1579 = CARTESIAN_POINT ( 'NONE',  ( 3.122849337825749926E-16, 2.850000000000000089, 2.399999999999999911 ) ) ;
#1580 = VECTOR ( 'NONE', #310, 1000.000000000000000 ) ;
#1581 = ADVANCED_FACE ( 'NONE', ( #584 ), #1403, .F. ) ;
#1582 = CARTESIAN_POINT ( 'NONE',  ( 2.000000000000000000, 3.000000000000000000, 4.299999999999999822 ) ) ;
#1583 = VERTEX_POINT ( 'NONE', #887 ) ;
#1584 = DIRECTION ( 'NONE',  ( 0.000000000000000000, -0.2122763521291649857, -0.9772096757230428477 ) ) ;
#1585 = FACE_OUTER_BOUND ( 'NONE', #355, .T. ) ;
#1586 = CARTESIAN_POINT ( 'NONE',  ( 2.000000000000000000, 0.1499999999999999944, -5.400000000000000355 ) ) ;
#1587 = EDGE_CURVE ( 'NONE', #165, #1048, #177, .T. ) ;
#1588 = FILL_AREA_STYLE ('',( #102 ) ) ;
#1589 = VERTEX_POINT ( 'NONE', #87 ) ;
#1590 = DIRECTION ( 'NONE',  ( -1.000000000000000000, 0.000000000000000000, 0.000000000000000000 ) ) ;
#1591 = LINE ( 'NONE', #890, #966 ) ;
#1592 = ORIENTED_EDGE ( 'NONE', *, *, #730, .F. ) ;
#1593 = CARTESIAN_POINT ( 'NONE',  ( -1.500000000000000000, -7.000000000000000000, 5.899999999999999467 ) ) ;
#1594 = PRESENTATION_STYLE_ASSIGNMENT (( #1299 ) ) ;
#1595 = DIRECTION ( 'NONE',  ( 0.000000000000000000, 1.355252715606880049E-16, -1.000000000000000000 ) ) ;
#1596 = ORIENTED_EDGE ( 'NONE', *, *, #1417, .T. ) ;
#1597 =( LENGTH_UNIT ( ) NAMED_UNIT ( * ) SI_UNIT ( .MILLI., .METRE. ) );
#1598 = ORIENTED_EDGE ( 'NONE', *, *, #220, .F. ) ;
#1599 = AXIS2_PLACEMENT_3D ( 'NONE', #259, #1203, #650 ) ;
#1600 = ADVANCED_FACE ( 'NONE', ( #1053 ), #1663, .T. ) ;
#1601 = COLOUR_RGB ( '',0.7529411764705882248, 0.7529411764705882248, 0.7529411764705882248 ) ;
#1602 = AXIS2_PLACEMENT_3D ( 'NONE', #451, #1142, #1151 ) ;
#1603 = PRESENTATION_LAYER_ASSIGNMENT (  '', '', ( #599 ) ) ;
#1604 = DIRECTION ( 'NONE',  ( 0.000000000000000000, -1.000000000000000000, 0.000000000000000000 ) ) ;
#1605 = COLOUR_RGB ( '',0.7529411764705882248, 0.7529411764705882248, 0.7529411764705882248 ) ;
#1606 = PRESENTATION_LAYER_ASSIGNMENT (  '', '', ( #519 ) ) ;
#1607 = STYLED_ITEM ( 'NONE', ( #770 ), #491 ) ;
#1608 = EDGE_LOOP ( 'NONE', ( #568, #745, #1727, #724 ) ) ;
#1609 = DIRECTION ( 'NONE',  ( -1.000000000000000000, 0.000000000000000000, 0.000000000000000000 ) ) ;
#1610 = FACE_OUTER_BOUND ( 'NONE', #1577, .T. ) ;
#1611 = ORIENTED_EDGE ( 'NONE', *, *, #640, .F. ) ;
#1612 = EDGE_CURVE ( 'NONE', #1146, #1589, #263, .T. ) ;
#1613 = DIRECTION ( 'NONE',  ( -1.337480369428119748E-16, 0.000000000000000000, 1.000000000000000000 ) ) ;
#1614 = CARTESIAN_POINT ( 'NONE',  ( -1.000000000000000000, -7.000000000000000000, -1.085042755126722103 ) ) ;
#1615 = ORIENTED_EDGE ( 'NONE', *, *, #1128, .T. ) ;
#1616 = DIRECTION ( 'NONE',  ( 0.000000000000000000, 0.000000000000000000, 1.000000000000000000 ) ) ;
#1617 = DIRECTION ( 'NONE',  ( 0.000000000000000000, 0.000000000000000000, -1.000000000000000000 ) ) ;
#1618 = CARTESIAN_POINT ( 'NONE',  ( -2.000000000000000000, -0.9000000000000000222, -3.978609757211774234 ) ) ;
#1619 = ORIENTED_EDGE ( 'NONE', *, *, #1375, .F. ) ;
#1620 = CARTESIAN_POINT ( 'NONE',  ( 3.306546357697849789E-16, 2.550000000000000266, 2.700000000000000178 ) ) ;
#1621 = SURFACE_SIDE_STYLE ('',( #1173 ) ) ;
#1622 = CARTESIAN_POINT ( 'NONE',  ( 2.000000000000000000, 0.000000000000000000, 5.899999999999999467 ) ) ;
#1623 = PRESENTATION_STYLE_ASSIGNMENT (( #389 ) ) ;
#1624 = DIRECTION ( 'NONE',  ( -1.337480369428119748E-16, 0.000000000000000000, -1.000000000000000000 ) ) ;
#1625 = EDGE_LOOP ( 'NONE', ( #1445, #667, #636, #418 ) ) ;
#1627 = FILL_AREA_STYLE ('',( #517 ) ) ;
#1626 = STYLED_ITEM ( 'NONE', ( #1000 ), #850 ) ;
#1628 = PRODUCT ( 'RSCSK2243R3D02008U', 'RSCSK2243R3D02008U', '', ( #1001 ) ) ;
#1629 =( GEOMETRIC_REPRESENTATION_CONTEXT ( 3 ) GLOBAL_UNCERTAINTY_ASSIGNED_CONTEXT ( ( #210 ) ) GLOBAL_UNIT_ASSIGNED_CONTEXT ( ( #1378, #1116, #300 ) ) REPRESENTATION_CONTEXT ( 'NONE', 'WORKASPACE' ) );
#1630 = AXIS2_PLACEMENT_3D ( 'NONE', #556, #1088, #1651 ) ;
#1631 = COLOUR_RGB ( '',0.7529411764705882248, 0.7529411764705882248, 0.7529411764705882248 ) ;
#1632 = AXIS2_PLACEMENT_3D ( 'NONE', #592, #226, #46 ) ;
#1633 = LINE ( 'NONE', #547, #845 ) ;
#1634 = COLOUR_RGB ( '',0.7529411764705882248, 0.7529411764705882248, 0.7529411764705882248 ) ;
#1635 = ADVANCED_FACE ( 'NONE', ( #522 ), #1753, .F. ) ;
#1636 = DIRECTION ( 'NONE',  ( -1.000000000000000000, 0.000000000000000000, 0.000000000000000000 ) ) ;
#1637 = SURFACE_STYLE_FILL_AREA ( #1195 ) ;
#1638 =( LENGTH_UNIT ( ) NAMED_UNIT ( * ) SI_UNIT ( .MILLI., .METRE. ) );
#1639 = DIRECTION ( 'NONE',  ( -1.000000000000000000, 0.000000000000000000, 0.000000000000000000 ) ) ;
#1640 = ORIENTED_EDGE ( 'NONE', *, *, #723, .F. ) ;
#1641 = FACE_OUTER_BOUND ( 'NONE', #229, .T. ) ;
#1642 =( LENGTH_UNIT ( ) NAMED_UNIT ( * ) SI_UNIT ( .MILLI., .METRE. ) );
#1643 = CARTESIAN_POINT ( 'NONE',  ( 1.500000000000000000, 2.850000000000000089, 4.299999999999999822 ) ) ;
#1644 =( NAMED_UNIT ( * ) SI_UNIT ( $, .STERADIAN. ) SOLID_ANGLE_UNIT ( ) );
#1645 = PRESENTATION_STYLE_ASSIGNMENT (( #1235 ) ) ;
#1646 = ORIENTED_EDGE ( 'NONE', *, *, #978, .F. ) ;
#1647 =( NAMED_UNIT ( * ) SI_UNIT ( $, .STERADIAN. ) SOLID_ANGLE_UNIT ( ) );
#1648 =( NAMED_UNIT ( * ) SI_UNIT ( $, .STERADIAN. ) SOLID_ANGLE_UNIT ( ) );
#1649 = EDGE_LOOP ( 'NONE', ( #382, #364, #495, #1596, #1718, #1458 ) ) ;
#1650 = SURFACE_STYLE_USAGE ( .BOTH. , #1677 ) ;
#1651 = DIRECTION ( 'NONE',  ( 0.000000000000000000, 0.000000000000000000, 1.000000000000000000 ) ) ;
#1652 = SURFACE_SIDE_STYLE ('',( #953 ) ) ;
#1653 = CARTESIAN_POINT ( 'NONE',  ( 1.500000000000000000, -7.000000000000000000, -0.5850427551267189941 ) ) ;
#1654 = DIRECTION ( 'NONE',  ( 0.000000000000000000, 0.000000000000000000, -1.000000000000000000 ) ) ;
#1655 = VERTEX_POINT ( 'NONE', #155 ) ;
#1656 = DIRECTION ( 'NONE',  ( 0.000000000000000000, -1.000000000000000000, 0.000000000000000000 ) ) ;
#1657 = EDGE_CURVE ( 'NONE', #1500, #1336, #1354, .T. ) ;
#1658 = CARTESIAN_POINT ( 'NONE',  ( 1.000000000000000000, -7.000000000000000000, -1.085042755126722103 ) ) ;
#1659 = VECTOR ( 'NONE', #194, 1000.000000000000000 ) ;
#1660 = UNCERTAINTY_MEASURE_WITH_UNIT (LENGTH_MEASURE( 1.000000000000000082E-05 ), #1339, 'distance_accuracy_value', 'NONE');
#1661 = VECTOR ( 'NONE', #1584, 1000.000000000000114 ) ;
#1662 = CARTESIAN_POINT ( 'NONE',  ( 1.500000000000000000, 2.649999999999999911, 4.299999999999999822 ) ) ;
#1663 = TOROIDAL_SURFACE ( 'NONE', #1599, 2.399999999999999911, 0.2999999999999999889 ) ;
#1664 = LINE ( 'NONE', #1495, #1186 ) ;
#1665 = STYLED_ITEM ( 'NONE', ( #1623 ), #1092 ) ;
#1666 = STYLED_ITEM ( 'NONE', ( #689 ), #1527 ) ;
#1668 = CLOSED_SHELL ( 'NONE', ( #1527, #859, #325, #957, #1564, #362, #1519, #984, #620, #1531, #548, #614, #1757, #1635 ) ) ;
#1667 = CARTESIAN_POINT ( 'NONE',  ( 2.000000000000000000, 0.1000000000000000056, -3.978609757211774234 ) ) ;
#1669 = MECHANICAL_DESIGN_GEOMETRIC_PRESENTATION_REPRESENTATION (  '', ( #459 ), #1045 ) ;
#1670 = MECHANICAL_DESIGN_GEOMETRIC_PRESENTATION_REPRESENTATION (  '', ( #1707 ), #1732 ) ;
#1671 = FILL_AREA_STYLE ('',( #164 ) ) ;
#1672 = ORIENTED_EDGE ( 'NONE', *, *, #670, .F. ) ;
#1673 = CARTESIAN_POINT ( 'NONE',  ( 2.000000000000000000, 0.2500000000000000000, -3.978609757211774234 ) ) ;
#1674 = STYLED_ITEM ( 'NONE', ( #1311 ), #498 ) ;
#1675 = EDGE_CURVE ( 'NONE', #361, #773, #794, .T. ) ;
#1676 = DIRECTION ( 'NONE',  ( -1.000000000000000000, 0.000000000000000000, 0.000000000000000000 ) ) ;
#1677 = SURFACE_SIDE_STYLE ('',( #1097 ) ) ;
#1678 = ADVANCED_FACE ( 'NONE', ( #1112 ), #686, .F. ) ;
#1679 =( LENGTH_UNIT ( ) NAMED_UNIT ( * ) SI_UNIT ( .MILLI., .METRE. ) );
#1680 = SURFACE_STYLE_FILL_AREA ( #832 ) ;
#1681 = ORIENTED_EDGE ( 'NONE', *, *, #783, .F. ) ;
#1682 = DIRECTION ( 'NONE',  ( -1.000000000000000000, 0.000000000000000000, 0.000000000000000000 ) ) ;
#1683 = MANIFOLD_SOLID_BREP ( 'NONE', #266 ) ;
#1684 = ORIENTED_EDGE ( 'NONE', *, *, #1034, .T. ) ;
#1685 = LINE ( 'NONE', #716, #569 ) ;
#1686 = CARTESIAN_POINT ( 'NONE',  ( 0.000000000000000000, 2.850000000000000089, -2.399999999999999911 ) ) ;
#1687 = EDGE_CURVE ( 'NONE', #917, #324, #1041, .T. ) ;
#1688 =( NAMED_UNIT ( * ) SI_UNIT ( $, .STERADIAN. ) SOLID_ANGLE_UNIT ( ) );
#1689 = PLANE ( 'NONE',  #402 ) ;
#1690 = EDGE_LOOP ( 'NONE', ( #1313, #476, #1465, #1292 ) ) ;
#1691 = LINE ( 'NONE', #1706, #675 ) ;
#1692 = FILL_AREA_STYLE ('',( #1275 ) ) ;
#1693 = VERTEX_POINT ( 'NONE', #960 ) ;
#1694 = FILL_AREA_STYLE_COLOUR ( '', #1382 ) ;
#1695 = COLOUR_RGB ( '',0.7529411764705882248, 0.7529411764705882248, 0.7529411764705882248 ) ;
#1696 = VECTOR ( 'NONE', #1006, 1000.000000000000000 ) ;
#1697 =( NAMED_UNIT ( * ) PLANE_ANGLE_UNIT ( ) SI_UNIT ( $, .RADIAN. ) );
#1698 = AXIS2_PLACEMENT_3D ( 'NONE', #672, #1373, #1221 ) ;
#1699 = CARTESIAN_POINT ( 'NONE',  ( 2.000000000000000000, -8.766815528651980484E-17, -5.400000000000000355 ) ) ;
#1700 = VECTOR ( 'NONE', #141, 1000.000000000000000 ) ;
#1701 = EDGE_CURVE ( 'NONE', #582, #645, #1510, .T. ) ;
#1702 = UNCERTAINTY_MEASURE_WITH_UNIT (LENGTH_MEASURE( 1.000000000000000082E-05 ), #144, 'distance_accuracy_value', 'NONE');
#1703 = SURFACE_STYLE_USAGE ( .BOTH. , #190 ) ;
#1704 = ORIENTED_EDGE ( 'NONE', *, *, #1071, .F. ) ;
#1705 = VECTOR ( 'NONE', #1427, 1000.000000000000000 ) ;
#1706 = CARTESIAN_POINT ( 'NONE',  ( 2.000000000000000000, 0.07720967572304540671, -4.190886109340935306 ) ) ;
#1707 = STYLED_ITEM ( 'NONE', ( #284 ), #161 ) ;
#1708 = AXIS2_PLACEMENT_3D ( 'NONE', #1699, #995, #461 ) ;
#1709 = LINE ( 'NONE', #21, #713 ) ;
#1710 = LINE ( 'NONE', #1315, #959 ) ;
#1711 =( NAMED_UNIT ( * ) PLANE_ANGLE_UNIT ( ) SI_UNIT ( $, .RADIAN. ) );
#1712 = FILL_AREA_STYLE ('',( #1273 ) ) ;
#1713 = ORIENTED_EDGE ( 'NONE', *, *, #398, .F. ) ;
#1714 = CARTESIAN_POINT ( 'NONE',  ( 2.000000000000000000, -0.9000000000000000222, -3.978609757211774234 ) ) ;
#1715 = CYLINDRICAL_SURFACE ( 'NONE', #66, 0.5000000000000000000 ) ;
#1716 = UNCERTAINTY_MEASURE_WITH_UNIT (LENGTH_MEASURE( 1.000000000000000082E-05 ), #706, 'distance_accuracy_value', 'NONE');
#1717 = SURFACE_STYLE_USAGE ( .BOTH. , #475 ) ;
#1718 = ORIENTED_EDGE ( 'NONE', *, *, #798, .T. ) ;
#1719 = CARTESIAN_POINT ( 'NONE',  ( 0.000000000000000000, 2.550000000000000266, -2.700000000000000178 ) ) ;
#1720 = EDGE_LOOP ( 'NONE', ( #443, #651, #1750, #1545 ) ) ;
#1721 = FACE_OUTER_BOUND ( 'NONE', #1236, .T. ) ;
#1722 = EDGE_CURVE ( 'NONE', #840, #949, #316, .T. ) ;
#1723 =( NAMED_UNIT ( * ) SI_UNIT ( $, .STERADIAN. ) SOLID_ANGLE_UNIT ( ) );
#1724 = VECTOR ( 'NONE', #50, 1000.000000000000000 ) ;
#1725 = DIRECTION ( 'NONE',  ( 0.000000000000000000, -1.000000000000000000, 0.000000000000000000 ) ) ;
#1726 = STYLED_ITEM ( 'NONE', ( #1415 ), #984 ) ;
#1727 = ORIENTED_EDGE ( 'NONE', *, *, #1128, .F. ) ;
#1728 = MECHANICAL_DESIGN_GEOMETRIC_PRESENTATION_REPRESENTATION (  '', ( #1508 ), #990 ) ;
#1729 = VECTOR ( 'NONE', #1261, 1000.000000000000000 ) ;
#1730 = STYLED_ITEM ( 'NONE', ( #1182 ), #1600 ) ;
#1731 = ORIENTED_EDGE ( 'NONE', *, *, #27, .F. ) ;
#1732 =( GEOMETRIC_REPRESENTATION_CONTEXT ( 3 ) GLOBAL_UNCERTAINTY_ASSIGNED_CONTEXT ( ( #337 ) ) GLOBAL_UNIT_ASSIGNED_CONTEXT ( ( #816, #1468, #669 ) ) REPRESENTATION_CONTEXT ( 'NONE', 'WORKASPACE' ) );
#1733 = AXIS2_PLACEMENT_3D ( 'NONE', #1147, #1432, #1563 ) ;
#1734 = EDGE_CURVE ( 'NONE', #1380, #171, #115, .T. ) ;
#1735 = PRESENTATION_LAYER_ASSIGNMENT (  '', '', ( #464 ) ) ;
#1736 = SURFACE_SIDE_STYLE ('',( #1480 ) ) ;
#1737 = EDGE_CURVE ( 'NONE', #262, #1500, #1014, .T. ) ;
#1738 = PRESENTATION_STYLE_ASSIGNMENT (( #1411 ) ) ;
#1739 = FILL_AREA_STYLE ('',( #531 ) ) ;
#1740 = ORIENTED_EDGE ( 'NONE', *, *, #1446, .T. ) ;
#1741 = CARTESIAN_POINT ( 'NONE',  ( -2.000000000000000000, 0.01139516213847808004, -4.493861823935420219 ) ) ;
#1742 = CARTESIAN_POINT ( 'NONE',  ( -1.500000000000000000, 0.4000000000000000222, 4.649999999999999467 ) ) ;
#1743 = CARTESIAN_POINT ( 'NONE',  ( 0.000000000000000000, 2.850000000000000089, 2.399999999999999911 ) ) ;
#1744 = PRESENTATION_STYLE_ASSIGNMENT (( #629 ) ) ;
#1745 = EDGE_CURVE ( 'NONE', #914, #715, #232, .T. ) ;
#1746 = ORIENTED_EDGE ( 'NONE', *, *, #1701, .T. ) ;
#1747 = FACE_OUTER_BOUND ( 'NONE', #1474, .T. ) ;
#1748 = DIRECTION ( 'NONE',  ( 0.000000000000000000, 1.000000000000000000, 0.000000000000000000 ) ) ;
#1749 = CARTESIAN_POINT ( 'NONE',  ( 2.000000000000000000, 0.1499999999999999944, -5.400000000000000355 ) ) ;
#1750 = ORIENTED_EDGE ( 'NONE', *, *, #206, .T. ) ;
#1751 =( LENGTH_UNIT ( ) NAMED_UNIT ( * ) SI_UNIT ( .MILLI., .METRE. ) );
#1752 = DIRECTION ( 'NONE',  ( -1.000000000000000000, 0.000000000000000000, 0.000000000000000000 ) ) ;
#1753 = PLANE ( 'NONE',  #1219 ) ;
#1754 = ORIENTED_EDGE ( 'NONE', *, *, #1071, .T. ) ;
#1755 = FILL_AREA_STYLE_COLOUR ( '', #1190 ) ;
#1756 = AXIS2_PLACEMENT_3D ( 'NONE', #415, #703, #22 ) ;
#1757 = ADVANCED_FACE ( 'NONE', ( #1401 ), #748, .T. ) ;
#1758 = PRESENTATION_STYLE_ASSIGNMENT (( #1457 ) ) ;
#1759 = STYLED_ITEM ( 'NONE', ( #41 ), #957 ) ;
#1760 = ORIENTED_EDGE ( 'NONE', *, *, #1675, .T. ) ;
#1761 = CARTESIAN_POINT ( 'NONE',  ( -1.500000000000000000, 3.000000000000000000, -0.5850427551267189941 ) ) ;
#1762 =( NAMED_UNIT ( * ) PLANE_ANGLE_UNIT ( ) SI_UNIT ( $, .RADIAN. ) );
#1763 = STYLED_ITEM ( 'NONE', ( #804 ), #1145 ) ;
#1764 = VECTOR ( 'NONE', #25, 1000.000000000000000 ) ;
#1765 = AXIS2_PLACEMENT_3D ( 'NONE', #1618, #363, #390 ) ;
#1766 = CIRCLE ( 'NONE', #1425, 1.149999999999999911 ) ;
#1767 = CIRCLE ( 'NONE', #42, 0.5999999999999998668 ) ;
#1768 = SURFACE_SIDE_STYLE ('',( #1776 ) ) ;
#1769 = ORIENTED_EDGE ( 'NONE', *, *, #206, .F. ) ;
#1770 = PLANE ( 'NONE',  #718 ) ;
#1771 = FILL_AREA_STYLE_COLOUR ( '', #345 ) ;
#1772 =( NAMED_UNIT ( * ) PLANE_ANGLE_UNIT ( ) SI_UNIT ( $, .RADIAN. ) );
#1773 = VERTEX_POINT ( 'NONE', #1686 ) ;
#1774 = DIRECTION ( 'NONE',  ( -1.000000000000000000, 0.000000000000000000, 0.000000000000000000 ) ) ;
#1775 = DIRECTION ( 'NONE',  ( 0.000000000000000000, 0.000000000000000000, 1.000000000000000000 ) ) ;
#1776 = SURFACE_STYLE_FILL_AREA ( #1588 ) ;
#1777 = FACE_BOUND ( 'NONE', #1005, .T. ) ;
#1778 = VERTEX_POINT ( 'NONE', #1552 ) ;
#1779 = SURFACE_SIDE_STYLE ('',( #918 ) ) ;
#1780 = DIRECTION ( 'NONE',  ( 0.000000000000000000, 0.000000000000000000, -1.000000000000000000 ) ) ;
#1781 = EDGE_CURVE ( 'NONE', #979, #108, #449, .T. ) ;
#1782 = CARTESIAN_POINT ( 'NONE',  ( 2.000000000000000000, 0.5000000000000000000, -4.599999999999999645 ) ) ;
#1783 =( NAMED_UNIT ( * ) PLANE_ANGLE_UNIT ( ) SI_UNIT ( $, .RADIAN. ) );
#1784 = ORIENTED_EDGE ( 'NONE', *, *, #1781, .F. ) ;
#1786 = DIRECTION ( 'NONE',  ( 0.000000000000000000, 1.000000000000000000, 1.293687906615163868E-16 ) ) ;
#1785 = PRESENTATION_LAYER_ASSIGNMENT (  '', '', ( #792 ) ) ;
#1787 = DIRECTION ( 'NONE',  ( 0.000000000000000000, 0.9772096757230429587, -0.2122763521291650135 ) ) ;
#1788 = PRESENTATION_LAYER_ASSIGNMENT (  '', '', ( #1159 ) ) ;
#1789 = MECHANICAL_DESIGN_GEOMETRIC_PRESENTATION_REPRESENTATION (  '', ( #455 ), #1042 ) ;
#1790 = MECHANICAL_DESIGN_GEOMETRIC_PRESENTATION_REPRESENTATION (  '', ( #598 ), #35 ) ;
ENDSEC;
END-ISO-10303-21;
